Family,NtDuplicateObject,NtOpenSection,NtQueryKey,LdrUnloadDll,GetSystemInfo,IsDebuggerPresent,LookUpPrivilegeValueW,NtQueryValueKey,NtOpenDirectoryObject,NtMapViewOfSection,NtDelayExecution,NtDeviceIoControlFile,NtAllocateVirtualMemory,NtWriteFile,LdrGetDllHandle,NtQuerySystemInformation,CreateThread,NtCreateMutant,NtProtectVirtualMemory,NtOpenKey,GetFileType,NtOpenKeyEx,LdrLoadDll,NtTerminateProcess,UuidCreate,NtClose,DeviceIoControl,GetFileAttributesEXW,GetFileAttributesW,NtFreeVirtualMemory,NtOpenFile,SetUnhandledExceptionFilter,NtCreateFile,NtQueryAttributesFile,NtCreateSection,CreateToolHelp32Snapshot,RegCloseKey,NtReadFile,Process32FirstW,GetFileSizeEx,GetTempPathW,GetSystemTimeAsFileTime,findFirstFileExW,RegSetValueExW,NtOpenMutant,OpenSCManagerW,SetFilePointerEX,SetEndOfFile,NtCreateUserProcess,NtQueryInformationFile,SetFilePointer,NtUnmapViewOfSection,RegOpenKeyExW,NtOpenThread,RegQueryValueExW,GetComputerNameW,NtSetInformationFile,DeleteFileW,SetFileAttributesW,NtReadVirtualMemory,WSAStartup,Process32NextW,NtWriteVirtualMemory,NtResumeThread,RegCreateKeyExW,GetNativeSystemInfo,CoUninitialize,NtSetValueKey,NtCreateKey,NtOpenProcess,GetForegroundWindow,GetSystemMetrics,RegEnumKeyW,GetFileSize,GetVolumePathNamesForVolumeNameW,SetErrorMode,CreateDirectoryW,NtEnumerateValueKey,CoCreateInstance,NtQueryDirectoryFile,GetVolumeNameForVolumeMountPointW,CoInitializeEx,CoInitializeSecurity,NtEnumerateKey,NtDeleteValueKey,GetFileInformationByHandle,GetFileVersionInfoSizeW,CryptExportKey,GetFileVersionInfoExW,CryptCreateHash,SHGetFolderPathW,CryptAcquireContextA,RegEnumKeyExW,CryptAcquireContextW,CryptDecodeObjectEx,RegEnumValueW,CryptHashData,GetFileVersionInfoSizeExW,RegQueryInfoKeyW,GetFileVersionInfoW,CryptGenKey,NtQueryMultipleValueKey,RegDeleteValueW,SetFileInformationByHandle,RegDeleteKeyW,CopyFileExW,CopyFileW,RegDeleteKeyA,RegQueryValueExA,RegCreateKeyExA,SetFileTime,RegOpenKeyExA,GetKeyState,RegSetValueExA,RegEnumKeyExA,RegDeleteValueA,OpenSCManagerA,NtDeleteKey,RegEnumValueA,GetKeyboardState,CryptDecrypt,CopyFileA,CryptEncrypt,CryptProtectData,URLDownloadToFileW,InternetReadFile,NtLoadKeyEx,RegQueryInfoKeyA,GetAsyncKeyState
dharma,7,11,3,14,2,3,1,119,7,20,2030,69,2154,5111,495,7,52,8,109,98,22,74,40,9,3,21562,8,0,8965,2224,246,1,11396,7,14,283,4,22654,283,4575,3,5,11582,1,2,283,7728,4910,3,62,68,3,4,1,3,1,57,2432,2529,2,1,25931,6,3,0,0,0,0,0,0,0,0,0,0,0,0,0,0,0,0,0,0,0,0,0,0,0,0,0,0,0,0,0,0,0,0,0,0,0,0,0,0,0,0,0,0,0,0,0,0,0,0,0,0,0,0,0,0,0,0,0,0,0,0,0,0,0,0,0
dharma,7,11,3,14,2,2,1,112,7,20,3054,69,1066,3371,399,7,28,8,108,99,22,73,36,9,3,11701,2,0,5765,1170,186,1,7288,7,14,306,4,4889,306,2890,3,5,4974,1,2,306,5111,3222,3,40,68,3,4,1,3,1,39,1593,1675,2,1,31489,6,3,0,0,0,0,0,0,0,0,0,0,0,0,0,0,0,0,0,0,0,0,0,0,0,0,0,0,0,0,0,0,0,0,0,0,0,0,0,0,0,0,0,0,0,0,0,0,0,0,0,0,0,0,0,0,0,0,0,0,0,0,0,0,0,0,0
dharma,7,11,3,11,2,2,1,112,7,20,1992,69,798,2106,399,7,28,8,108,97,22,73,36,9,3,7406,2,0,2101,800,93,1,3088,7,14,304,4,3525,304,1054,3,5,3772,1,2,304,3191,1977,3,33,68,3,4,1,3,1,32,973,1047,2,1,30981,6,3,0,0,0,0,0,0,0,0,0,0,0,0,0,0,0,0,0,0,0,0,0,0,0,0,0,0,0,0,0,0,0,0,0,0,0,0,0,0,0,0,0,0,0,0,0,0,0,0,0,0,0,0,0,0,0,0,0,0,0,0,0,0,0,0,0
dharma,7,11,3,11,2,2,1,112,7,20,1684,69,1477,3074,399,7,28,8,108,97,22,73,36,9,3,15629,2,0,6670,1650,221,1,8055,7,14,275,4,5736,275,3392,3,5,8817,1,2,275,4658,2900,3,44,68,3,4,1,3,1,43,1430,1516,2,1,27081,6,3,0,0,0,0,0,0,0,0,0,0,0,0,0,0,0,0,0,0,0,0,0,0,0,0,0,0,0,0,0,0,0,0,0,0,0,0,0,0,0,0,0,0,0,0,0,0,0,0,0,0,0,0,0,0,0,0,0,0,0,0,0,0,0,0,0
dharma,7,11,3,11,2,2,1,112,7,20,1806,69,1555,2593,399,7,28,8,108,97,22,73,36,9,3,12323,2,0,4824,1739,172,1,5968,7,14,260,4,6743,260,2416,3,5,6912,1,2,260,3934,2450,3,38,68,3,4,1,3,1,37,1207,1288,2,1,26777,6,3,0,0,0,0,0,0,0,0,0,0,0,0,0,0,0,0,0,0,0,0,0,0,0,0,0,0,0,0,0,0,0,0,0,0,0,0,0,0,0,0,0,0,0,0,0,0,0,0,0,0,0,0,0,0,0,0,0,0,0,0,0,0,0,0,0
crysis,8,16,5,12,3,2,1,152,9,26,1909,70,1344,3029,99,9,28,11,199,125,22,105,62,12,3,11738,2,0,5816,1382,182,2,7145,11,17,265,4,7393,265,2915,4,7,5243,1,2,265,4591,2878,4,42,68,4,4,1,3,2,40,1420,1503,2,1,26355,8,4,0,0,1,0,0,0,0,6,0,0,0,0,0,0,2,0,0,1,0,3,0,0,0,0,0,0,0,0,0,0,0,0,0,0,0,0,0,0,0,0,0,0,0,0,2,0,0,1,0,0,0,0,0,0,0,0,0,0,0,0,0,0,0,0,0
crysis,8,11,3,16,3,3,1,150,9,117,1730,69,2035,3410,82,12,28,8,125,125,23,86,50,12,3,13081,2,0,6478,1524,188,2,7928,21,107,271,6,7544,271,3246,4,2601,5932,1,2,270,4978,3136,4,42,68,100,4,1,3,1,45,1549,1632,2,1,27379,8,4,0,0,0,0,0,2,1,0,0,1,0,0,0,0,0,0,0,0,0,0,0,0,0,0,0,0,0,0,0,2,0,0,0,0,0,0,0,0,0,0,0,0,0,0,2,0,0,2,0,0,0,0,0,0,0,0,0,0,0,0,0,0,0,0,0
crysis,6,15,3,21,6,2,1,132,8,31,1407,69,1590,3051,116,7,29,11,152,132,22,77,49,12,3,12604,2,0,6244,1629,193,2,7581,10,19,243,13,4570,242,3129,4,8,5931,1,2,242,4635,2902,4,41,68,5,9,1,8,1,39,1432,1515,2,1,24642,8,4,0,0,0,0,0,0,0,21,0,0,0,0,0,0,0,0,0,1,0,0,0,0,0,0,0,0,0,0,0,0,0,0,0,0,0,0,0,0,0,0,0,0,0,0,3,3,0,0,1,0,0,0,0,0,0,0,0,0,0,0,0,0,0,0,27
crysis,6,15,4,13,2,2,1,2072,8,25,446,69,3043,1142,103,3895,30,148,165,127,25,2021,39,12,3,394318,72,0,1168,2992,47,2,1707,13,18,99,4,3460,99,581,6,19,3722,1,2,99,1665,1062,4,12,72,3,4,1,3,1,11,526,581,2,71,9901,8,4,0,0,1,0,0,195211,0,0,0,0,0,0,0,0,0,0,0,1,0,0,0,0,0,0,0,0,0,0,0,0,0,0,0,0,0,0,0,0,0,0,0,0,0,0,0,0,0,0,3,0,0,0,0,0,0,0,0,0,0,0,0,0,0,0,0
crysis,9,17,3,26,5,2,1,136,9,1964,989,69,3112,7991,115,9,28,11,158,128,22,84,63,12,3,16675,2,0,2176,1177,73,2,10936,10,1951,191,8,5947,191,1091,4,6,5184,1,2,191,3324,2046,4,38,5879,5,7,1,6,1,36,1005,1084,2,1,19282,8,4,0,0,0,0,0,0,0,17,0,5808,0,0,0,0,0,0,0,1,0,1,0,0,0,0,0,0,0,0,0,0,0,0,0,0,0,0,0,0,0,0,0,0,0,0,0,0,0,0,0,0,0,0,0,0,0,0,0,0,0,0,0,0,0,0,0
crysis,12,21,91,16,3,129,1,3297,8,31,2207,69,854,2908,155,8,28,14,239,99,22,958,53,9,3,12599,3,1,6003,902,204,2,7284,25,18,217,4,5435,217,3016,3,36,5564,1,2,217,4408,2756,3,64,68,4,4,1,3,1,39,1359,1442,18,1,20985,22,3,0,0,10,0,0,0,0,74,0,0,6,0,2,0,68,15,4,10,0,287,0,0,0,0,0,0,0,0,0,0,0,0,0,0,0,0,0,0,0,0,0,0,0,0,0,0,0,0,0,0,0,0,0,0,0,0,0,0,0,0,0,0,0,0,0
crysis,8,12,3,12,2,3,1,141,8,23,1729,68,957,3153,60,8,28,12,159,113,22,86,36,9,3,12063,2,0,6033,1094,190,2,7418,11,17,235,5,8603,235,3024,4,5,5470,1,2,235,4766,2996,3,41,68,3,4,1,3,1,39,1480,1562,2,1,23436,6,3,0,0,0,0,6,0,0,2,2,0,0,0,0,0,1,0,0,1,0,0,0,0,0,0,0,0,0,0,0,0,0,0,0,0,0,0,0,0,0,0,0,0,0,0,0,0,0,8,0,0,0,0,0,0,0,0,0,0,0,0,0,0,0,0,0
crysis,7,0,7,9,1,8,0,83,0,36,0,0,966,67,12,0,0,2,28,9,0,57,3,0,1,8831,2,0,39,863,50,0,119,111,42,0,1,105,0,0,164,1,8672,0,0,0,0,0,0,0,134,35,0,0,0,0,0,0,0,0,0,0,0,0,0,0,1,0,0,0,0,70,0,2,6,0,1,0,4,13,3,1,0,0,0,0,0,0,0,0,0,0,0,0,0,0,0,0,0,0,0,0,0,0,0,0,0,0,0,0,1,1,0,1,0,0,0,0,0,0,0,0,0,0,0,0,0,0,0
crysis,0,0,0,0,0,0,0,0,0,0,0,0,6,0,4,0,0,0,1,0,0,0,3,3,0,7,0,0,0,1,0,1,0,0,0,1,0,0,0,0,0,1,0,0,0,0,0,0,0,0,0,0,0,0,0,0,0,0,0,0,0,0,0,0,0,0,0,0,0,0,0,0,0,0,0,2,0,0,0,0,0,0,0,0,0,0,0,0,0,0,0,0,0,0,0,0,0,0,0,0,0,0,0,0,0,0,0,0,0,0,0,0,0,0,0,0,0,0,0,0,0,0,0,0,0,0,0,0,0
crysis,7,15,2,0,5,0,0,40,0,17,0,0,39,0,15,1,0,6,115,7,0,28,7,0,1,97,0,0,0,9,21,1,323379,9,9,0,2,2,0,1,0,297,0,0,3,0,0,0,0,0,0,0,1,0,1,0,0,0,0,0,0,0,0,0,0,0,1,0,0,0,0,17,0,0,0,0,0,135,1,0,0,2,0,5,0,0,0,0,0,0,0,0,0,0,0,0,0,0,0,0,0,0,0,0,0,0,0,0,0,0,0,0,0,0,0,0,0,0,0,0,0,0,0,0,0,0,0,0,0
crysis,0,0,0,1,0,0,0,1,0,0,0,0,5,0,3,0,0,0,1,1,0,0,9,3,0,11,0,0,0,1,0,1,0,0,0,1,0,0,0,0,0,1,0,0,0,0,0,0,0,0,0,0,0,0,0,0,0,0,0,0,0,0,0,0,0,0,0,0,0,0,0,0,0,0,0,2,0,0,0,0,0,0,0,0,0,0,0,0,0,0,0,0,0,0,0,0,0,0,0,0,0,0,0,0,0,0,0,0,0,0,0,0,0,0,0,0,0,0,0,0,0,0,0,0,0,0,0,0,0
sodinokibi,14,31,600,22,1085,12,1,1309,7,38,1537,41,110,0,481,16,170,14,231,304,3,1351,117,12,7,3319,5,2,21,40,170,0,1105,23,25,1,12,7,1,7,4,21,157,6,3,1,0,0,4,18,0,7,16,1,10,1,0,1078,0,14,0,104,22,5,6,2,13,12,8,4,3,1,19,1,6,1,1,31,96,7,4,13,1,107,2,0,0,0,0,0,0,0,0,0,0,0,0,0,0,0,0,0,0,0,0,0,0,0,0,0,0,0,0,0,0,0,0,0,0,0,0,0,0,0,0,0,0,0,0
sodinokibi,16,7,156,48,7490,9,1,413,8,55,3452,58,1273,2345,303,66,32,12,192,210,52,476,226,3,293,4699,1,252,218,617,1256,3,2475,28,48,1,156,3546,1,10,2,640,90,6,0,1,1094,0,1,1108,188,12,349,0,153,9,2212,2,0,1768,1,103,2,29,6,4,23,16,5,20,0,0,0,32,0,156,9,314,5,0,0,22,2,183,0,9,6,0,1,110,15,19,96,6,281,3,110,1,6,6,0,0,0,0,0,0,0,0,0,0,0,0,0,0,0,0,0,0,0,0,0,0,0,0,0,0,0,0,0
sodinokibi,16,7,156,43,7489,8,1,413,8,55,2829,54,1369,2839,306,54,28,12,192,210,52,476,225,3,293,5452,1,252,218,793,1484,3,2976,28,48,1,157,2869,1,10,2,640,110,7,0,1,1301,0,1,1336,188,12,349,0,153,9,2668,2,0,1764,1,104,2,14,7,4,23,16,5,20,0,0,0,32,0,156,9,314,5,0,0,22,2,183,0,9,6,91,1,110,15,19,96,5,281,3,110,1,6,6,0,0,0,0,0,0,0,0,0,0,0,0,0,0,0,0,0,0,0,0,0,0,0,0,0,0,0,0,0
sodinokibi,15,7,156,42,7494,9,1,413,8,55,2706,52,1559,3314,429,51,26,12,192,210,52,476,225,3,292,6183,1,252,218,924,1733,3,3467,28,48,1,156,3384,1,10,2,640,106,6,0,1,1566,0,1,1585,188,12,349,0,153,9,3174,2,0,1764,1,105,2,13,6,4,21,16,5,20,0,0,0,32,0,156,9,314,5,0,0,20,2,183,0,9,6,91,1,110,15,19,96,5,281,3,110,1,6,6,0,0,0,0,0,0,0,0,0,0,0,0,0,0,0,0,0,0,0,0,0,0,0,0,0,0,0,0,0
sodinokibi,16,7,156,46,7488,9,1,413,8,55,2737,52,1366,3032,426,49,26,12,192,210,52,405,225,3,293,5722,1,252,218,727,1574,3,3169,28,48,1,157,3046,1,10,2,640,117,7,0,1,1388,0,1,1426,188,12,349,0,153,9,2848,2,0,1761,1,100,2,12,7,4,21,16,5,20,0,0,0,32,0,156,9,314,5,0,0,20,2,183,0,9,6,91,1,110,15,19,96,6,281,3,110,1,6,6,0,0,0,0,0,0,0,0,0,0,0,0,0,0,0,0,0,0,0,0,0,0,0,0,0,0,0,0,0
grandcrab,4,6,2,4,0,0,0,194,2,9,1,16,60,0,51,2240,1,5,70,14,0,149,3,3,0,249,0,0,12,43,62,0,4,6,6,2,14,1,2,0,1,52,0,1,0,0,0,0,0,3,0,0,13,3,13,1,0,0,0,0,1,202,0,0,1,1,0,8,8,0,0,0,0,1,0,0,6,8,0,0,0,0,0,12,0,0,0,2,0,0,0,0,0,3,0,0,0,0,0,0,1,0,0,0,0,0,0,0,0,0,0,0,0,0,0,0,0,0,0,0,0,0,0,0,0,0,0,0,0
grandcrab,0,0,0,0,0,0,0,0,0,0,0,0,5,0,4,0,0,0,1,0,0,0,3,3,0,7,0,0,0,1,0,1,0,0,0,1,0,0,0,0,0,1,0,0,0,0,0,0,0,0,0,0,0,0,0,0,0,0,0,0,0,0,0,0,0,0,0,0,0,0,0,0,0,0,0,2,0,0,0,0,0,0,0,0,0,0,0,0,0,0,0,0,0,0,0,0,0,0,0,0,0,0,0,0,0,0,0,0,0,0,0,0,0,0,0,0,0,0,0,0,0,0,0,0,0,0,0,0,0
grandcrab,0,8,0,0,0,1,0,3,0,8,1,9331,69,0,102,0,1,1,28,3,0,2,17,0,0,9369,0,0,0,3,18,2,1,0,0,0,0,0,0,0,0,3,0,0,0,0,0,0,0,0,0,0,0,0,0,0,0,0,0,0,0,0,0,0,0,1,0,0,0,1,0,0,0,0,0,0,0,0,0,0,0,0,0,0,0,0,0,0,0,0,0,0,0,0,0,0,0,0,0,0,0,0,0,0,0,0,0,0,0,0,0,0,0,0,0,0,0,0,0,0,0,0,0,0,0,0,0,0,0
lockergoga,30,24,0,68,46,0,95,248,12,45,1,72,3877,1111,223,385,1,371,163,368,219,64,222,81,185,5932,2,1291,7620,2860,385,24,218,9,23,0,3337,1249,0,8,29,558,1198,925,17,185,0,0,29,190,0,1,51,1,1514,0,192,0,185,0,19,0,58,28,3320,1,17,0,0,1818,0,185,0,0,0,0,0,0,40,0,0,19,0,0,0,185,0,0,0,0,20,223,0,0,0,815,0,0,163,0,0,1818,815,0,0,0,0,0,0,0,0,0,0,0,0,0,0,0,0,0,0,0,0,0,0,0,0,0,0
lockergoga,488,100,5446,146,16,6849,3,10185,141,882,113,125,718,9,270,124,6,41,810,1105,27,17048,1249,56,25,23606,18,2,130,546,1360,7,2421,112,205,27,130,51,27,10,18,154,22,41,8,63,9,0,18,2387,3,19,51,3,140,4,18,21,7,24,2,2593,60,19,125,1,98,18,31,625,0,6,3,1,21,0,10,171,4851,2338,7,103,8,356,6,6,0,2,0,0,0,0,0,4,0,25,0,0,5,0,1,4,25,0,5,0,1,0,0,0,0,0,0,0,0,0,0,0,0,0,0,0,8,0,0,0,0,0,0
lockergoga,9,1,18,2,0,0,0,147,1,12,115,3,12,1,13,2,1,3,42,98,2,69,12,0,19,164,0,0,7,10,6,1,5,4,7,1,0,2,1,0,0,7,7,0,0,0,0,0,0,3,0,4,1,0,0,0,0,0,0,0,1,105,0,1,0,0,2,0,0,7,0,0,0,0,0,0,1,0,9,0,0,5,9,20,0,0,0,0,0,0,0,0,0,1,0,0,0,0,0,0,0,0,0,0,0,0,0,0,0,0,0,11,0,0,0,0,0,0,0,0,0,0,8,0,0,0,0,0,0
matrix,233,33,149,76,12463,5,7,1253,13,125,1777,836,1211,2263,285,170,104,14,420,1105,271,604,229,81,300,8248,11668,267,486,374,1337,8,1431,44,103,0,180,2076,0,15,31,700,2309,9,3,0,39,0,34,1000,5411,15,399,13,186,12,974,4,1,1771,6,0,60,122,0,3,20,33,36,580,0,0,0,36,0,183,13,284,1,0,0,19,2,179,0,12,6,100,1,119,15,19,96,6,409,3,119,1,6,6,0,0,0,3,3,1,0,0,0,0,0,0,0,0,0,0,0,0,0,0,0,0,0,0,0,0,0,0,0
matrix,30,57,0,51,2,0,0,1030,26,135,67,882,960,2247,386,59,70,3,543,2352,145,174,132,138,0,5795,0,0,756,586,207,2,888,89,106,0,0,1404,0,1,55,37,2826,0,2,0,0,0,68,67,10402,2,12,14,0,13,0,0,626,0,3,0,110,125,0,2,0,1,2,13,0,0,0,0,0,0,0,0,0,0,750,0,0,0,0,0,0,0,0,0,0,0,0,1,0,0,0,0,0,0,0,0,0,12,0,0,1,0,0,0,0,0,0,0,0,0,0,0,0,0,0,0,0,0,0,0,0,0,0
matrix,18,50,55,44,31,1,0,981,2,120,2,1,324,209,335,17,0,17,506,202,22,237,84,33,2,1724,0,0,174,129,157,3,81,61,85,0,1509,415,0,2,13,12,16,402,8,0,0,25,11,59,236,35,645,0,0,0,22,3,0,0,0,0,22,11,553,55,15,13,12,11,1,265,0,18,0,33,13,183,41,1,0,6,0,8,0,0,0,0,0,0,0,0,0,0,0,0,0,0,0,0,0,0,0,0,0,0,0,54,28,475,22,364,47,424,52,29,2,1,0,0,0,0,0,0,0,0,0,0,0
matrix,13,8,149,26,2591,6,1,366,7,53,758,151,504,267,128,47,86,13,178,252,34,387,127,6,277,3074,0,104,133,59,64,2,86,20,43,0,120,100,0,5,5,594,2023,0,2,0,5,0,4,5,4,14,312,2,113,7,1,2,1,1764,3,0,8,85,0,2,18,16,6,20,0,0,0,29,0,139,3,284,1,0,0,18,1,179,0,6,6,82,1,101,14,19,96,6,89,3,101,1,6,6,0,0,0,0,0,1,0,0,0,0,0,0,0,0,0,0,0,0,0,0,0,0,0,0,0,0,0,0,0
matrix,3,3,2,28,2,0,0,154,2,9,19,86,13,0,19,0,0,2,74,17,0,232,27,1,0,360,0,0,2,4,5,0,37,9,6,0,1,0,0,0,1,1436,0,0,3,0,0,0,1,0,0,1,0,3,0,0,0,0,0,0,2,0,2,1,0,0,0,12,8,0,0,0,0,0,0,0,0,8,0,0,0,0,0,85,0,0,0,0,0,7,0,0,0,7,0,0,7,0,0,0,0,0,0,0,0,0,0,0,6,0,0,4,0,0,0,0,0,0,126,0,0,0,0,0,0,0,0,0,0
Samsam,6,16,13,27,6,7,0,146,0,26,16,1,53,0,332,2,2,5,166,43,6,114,43,6,6,377,3,0,2,35,31,0,18,13,20,0,21,1,0,1,1,0,3,0,3,0,0,0,1,0,0,4,28,0,17,0,0,0,0,0,0,0,2,1,0,1,3,0,0,1,0,132,0,4,6,2,0,135,6,0,3,4,1,5,0,0,1,0,0,0,0,0,5,0,0,1,0,0,2,0,0,0,0,0,0,0,0,0,0,0,0,0,1,0,0,0,0,0,0,8,0,0,0,0,0,0,0,0,0
Samsam,5,0,0,3,42,4,0,18,1,6,0,5,91,3,334,4,2,3,49,21,9,12,38,1,0,69,1,2,4,44,18,1,17,3,6,0,23,6,0,0,0,0,4,0,0,0,0,0,0,0,0,0,32,0,28,1,0,0,0,0,0,0,0,2,0,0,0,0,0,6,0,0,0,3,0,6,0,0,0,0,0,0,0,0,0,0,1,0,0,0,0,0,57,0,0,3,0,0,2,1,0,0,0,0,0,0,0,0,0,0,0,0,0,0,0,0,0,0,0,0,0,0,0,0,0,0,0,0,0
Samsam,1,16,6,28,6,1,0,69,0,26,21,1,56,0,339,4,2,5,158,37,6,58,41,6,6,279,1,0,2,37,31,0,18,13,20,0,21,1,0,1,1,0,3,0,3,0,0,0,1,0,0,4,28,0,17,0,0,0,0,0,0,0,2,1,0,1,3,0,0,1,0,186,0,4,0,2,0,135,5,0,0,3,1,5,0,0,1,0,0,0,0,0,5,0,0,1,0,0,2,0,0,0,0,0,0,0,0,0,0,0,0,0,2,0,0,0,0,0,0,8,0,0,0,0,0,0,0,0,0
Samsam,1,16,6,28,6,1,0,69,0,26,19,1,57,0,339,4,2,5,158,37,6,58,41,6,6,279,1,0,2,42,31,0,18,13,20,0,21,1,0,1,1,0,3,0,3,0,0,0,1,0,0,4,28,0,17,0,0,0,0,0,0,0,2,1,0,1,3,0,0,1,0,186,0,4,0,2,0,135,5,0,0,3,1,5,0,0,1,0,0,0,0,0,5,0,0,1,0,0,2,0,0,0,0,0,0,0,0,0,0,0,0,0,2,0,0,0,0,0,0,8,0,0,0,0,0,0,0,0,0
Samsam,1,16,6,28,6,1,0,66,0,24,12,1,56,0,339,4,2,5,158,37,0,53,41,6,6,268,1,0,2,37,30,0,17,12,18,0,21,1,0,1,1,0,3,0,3,0,0,0,1,0,0,2,28,0,17,0,0,0,0,0,0,0,2,1,0,1,2,0,0,1,0,186,0,4,0,2,0,135,2,0,0,3,1,5,0,0,1,0,0,0,0,0,5,0,0,1,0,0,2,0,0,0,0,0,0,0,0,0,0,0,0,0,2,0,0,0,0,0,0,8,0,0,0,0,0,0,0,0,0
Ryuk,6,8,6,16,4,2,0,105,0,95,2462,0,7899,5,164,1,4,2,65,46,2,88,44,3,1,20553,2,0,7,331,19,2,24,2,84,3,22,822,2,0,2,3863,20371,3,0,0,0,0,1,2,3,87,25,0,25,1,10,0,2,0,1,194,6,5,3,0,2,0,0,0,2,0,16,1,6,1,2,30,1,0,3,2,1,2,0,0,0,0,0,0,3,1,0,4,0,0,0,0,2,0,0,0,0,0,0,0,0,0,0,0,0,0,0,0,0,0,0,0,0,0,0,0,0,0,0,0,0,0,0
Ryuk,6,8,6,16,4,2,0,105,0,96,2063,0,8292,6,164,1,4,2,65,46,2,88,44,3,1,21185,3,0,7,340,19,2,25,2,85,3,22,10078,2,1,2,3394,21005,3,0,0,3,0,1,2,3,88,25,0,25,1,13,0,2,0,1,196,6,5,3,0,2,0,0,0,2,0,16,0,6,1,2,30,1,0,3,2,1,2,0,0,0,0,0,0,3,1,0,4,0,0,0,0,2,0,0,0,0,0,0,0,0,0,0,0,0,0,0,0,0,0,0,0,0,0,0,0,0,0,0,0,0,0,0
Ryuk,2,2,0,3,0,0,0,15,0,3,4,0,46,404540,369,3,5,1,58,27,8,18,33,3,0,158,0,0,39,9,36,4,15,1,1,0,0,202289,0,0,45,0,0,0,0,0,0,0,1,2,0,1,0,0,0,0,0,0,0,0,2,0,2,1,0,6,0,0,0,0,0,0,0,0,0,0,1,0,0,0,0,0,0,0,0,0,0,0,0,0,0,2,0,0,0,0,0,0,0,0,0,0,0,0,0,0,0,0,2,0,0,2,0,0,0,0,0,0,0,0,0,0,0,0,0,0,0,0,0
Ryuk,2,2,0,3,0,0,0,15,0,3,4,0,44,404540,369,3,5,1,58,27,8,18,33,3,0,158,0,0,39,6,36,4,15,1,1,0,0,202289,0,0,45,0,0,0,0,0,0,0,1,2,0,1,0,0,0,0,0,0,0,0,2,0,2,1,0,6,0,0,0,0,0,0,0,0,0,0,1,0,0,0,0,0,0,0,0,0,0,0,0,0,0,2,0,0,0,0,0,0,0,0,0,0,0,0,0,0,0,0,2,0,0,2,0,0,0,0,0,0,0,0,0,0,0,0,0,0,0,0,0
Ryuk,171,5,8,12,2,13,0,89,0,6,306,1,34,2,80,5,0,7,80,13,0,62,21,3,1,320,2,0,7,14,22,0,206,49,6,1,2,0,1,0,0,9,0,0,0,0,0,0,0,2,0,0,6,0,4,3,0,1,0,0,0,99,0,0,0,1,1,0,0,1,0,0,0,0,6,1,1,0,5,0,3,3,0,0,0,0,0,0,0,0,1,0,0,0,0,0,0,0,0,0,0,0,0,0,0,0,1,0,1,0,0,0,0,0,0,0,0,0,0,0,0,0,0,0,0,0,0,0,0
cerber,11,6,63,9,2,0,0,3110,0,21,0,1,20074,10028,102,1,0,9,91,62,0,851,22,3,0,10884,3,1,55,10030,20,1,10076,3,10,0,0,10161,0,15,3,55,45,0,0,0,0,0,1,10043,16,4,0,0,0,0,10000,1,0,28,0,0,30,1,0,1,24,0,0,11,0,0,0,4,6,1,17,0,6,27,4,23,0,143,0,0,0,0,0,0,6,0,0,0,0,0,0,0,0,0,0,0,0,0,0,0,0,0,0,0,13,0,0,0,0,0,0,0,0,0,10000,0,0,0,0,0,0,0,0
cerber,33,17,130,12,3,1,0,3140,9,57,0,1,45,0,17,1,2,12,122,58,0,922,16,6,1,974,3,3,14,2,17,0,56,5,18,0,0,14,0,14,1,49,5,0,1,2,0,0,1,63,0,0,0,0,0,1,1,2,0,28,0,0,30,2,0,0,25,0,3,35,0,0,0,2,8,0,1,3,24,35,5,26,1,142,0,0,0,0,0,0,1,0,0,0,0,0,0,0,0,0,0,0,0,0,0,0,0,0,2,0,0,0,0,0,0,0,0,0,0,0,0,0,0,0,0,0,0,0,0
cerber,33,17,130,12,3,3,0,3140,9,57,0,1,37,0,19,1,2,12,124,58,0,920,14,6,1,944,3,3,14,13,17,0,57,5,18,0,0,14,0,14,1,49,5,0,1,2,0,0,1,63,0,0,0,0,0,1,1,2,0,28,0,0,30,2,0,0,25,0,3,35,0,0,0,2,8,0,1,3,24,35,5,26,1,142,0,0,0,0,0,0,1,0,0,0,0,0,0,0,0,0,0,0,0,0,0,0,0,0,2,0,0,0,0,0,0,0,0,0,0,0,0,0,0,0,0,0,0,0,0
cerber,33,17,130,12,3,3,0,3140,9,57,0,1,43,0,19,1,2,12,6,58,0,920,14,6,1,942,3,3,14,13,17,0,57,5,18,0,0,14,0,14,1,49,5,0,1,2,0,0,1,63,0,0,0,0,0,1,1,2,0,28,0,0,30,2,0,0,25,0,3,35,0,0,0,2,8,0,1,3,24,35,5,26,1,142,0,0,0,0,0,0,1,0,0,0,0,0,0,0,0,0,0,0,0,0,0,0,0,0,2,0,0,0,0,0,0,0,0,0,0,0,0,0,0,0,0,0,0,0,0
cerber,15,17,304,17,9,0,0,692,4,5768,5,45,185,0,307,5,5,10,186,54,0,1067,35,6,1,14864,128,0,35,38,14,2,5975,9,5755,0,25,4,0,2,17234,600,2335,0,0,0,0,0,1,213,1,1,1,3,0,0,0,5745,0,2,1,0,4,1,1,2,0,8,11,0,0,21,0,2,6,0,7,149,5,210,46,1,0,88,0,0,0,0,0,0,0,2,0,0,0,0,0,0,0,0,0,0,0,0,0,0,0,0,29,0,0,0,0,1,0,0,0,0,0,0,0,0,0,0,0,0,0,0,0
cerber,6,1,2,14,2,1,0,23,0,108,3012,0,10318,6,48,0,4,0,24,13,2,26,30,0,1,18624,2,0,1,309,9,1,24,2,104,2,22,31614,2,0,1,4101,18529,3,0,0,0,0,0,2,3,106,25,0,25,1,13,0,2,0,1,210,0,4,3,0,2,0,0,0,2,0,16,1,6,1,2,0,1,0,3,2,1,2,0,0,0,0,0,0,3,1,0,4,0,0,0,0,2,0,0,0,0,0,0,0,0,0,1,0,0,0,0,0,0,0,0,0,0,0,0,0,0,0,0,0,0,0,0
cerber,5,3,2,27,1,0,0,154,2,9,16,87,14,0,24,0,1,4,72,17,0,164,25,1,0,352,0,0,2,2,6,0,35,9,6,0,0,0,0,0,1,1337,0,0,0,0,0,0,1,0,0,1,0,3,0,0,0,0,0,0,2,0,2,1,0,0,0,12,8,0,0,0,0,0,0,0,0,8,0,0,0,0,0,18,0,0,0,0,0,7,0,0,0,7,0,0,7,0,0,0,0,0,0,0,0,0,0,0,0,0,0,1,0,0,0,0,0,0,0,0,0,0,0,0,0,0,0,0,0
Megacortex,40,21,70,103,5,15,1,3755,4,63,12,103,123,1233,114,2,0,12,257,124,0,1388,95,6,1,2202,9,2,196,92,37,2,172,21,36,1,99,1733,1,16,2,176,10,12,7,0,0,0,1,58,78,5,89,2,89,5,0,5,4,26,19,40,114,1,4,6,33,3,76,28,0,0,0,2,12,1,58,4,11,27,7,32,0,278,0,0,0,0,0,0,0,0,0,0,0,0,0,0,0,0,0,0,0,0,0,0,0,0,6,6,21,14,0,6,0,0,0,0,0,0,0,0,0,0,0,0,0,0,0
Megacortex,40,21,71,103,5,15,1,3755,4,63,12,106,142,1235,114,2,0,12,257,124,0,1388,95,6,1,2202,9,2,196,120,37,2,172,21,36,1,99,1734,1,16,2,176,10,12,7,0,0,0,1,58,81,5,89,2,89,5,0,5,4,26,19,40,28,1,4,6,33,3,76,28,0,0,0,2,12,1,58,4,11,27,7,32,0,278,0,0,0,0,0,0,0,0,0,0,0,0,0,0,0,0,0,0,0,0,0,0,0,0,6,6,21,14,0,6,0,0,0,0,0,0,0,0,0,0,0,0,0,0,0
Megacortex,40,19,71,70,8,9,3,3712,4,66,11,76,97,796,83,4,0,11,264,142,0,1359,80,12,1,2171,9,2,151,63,42,1,130,25,39,2,92,959,2,17,4,151,12,8,6,0,0,0,3,66,47,8,82,2,78,3,0,7,5,26,13,138,32,3,4,5,34,3,56,125,0,0,0,2,12,1,58,4,10,27,7,32,0,278,0,0,0,0,0,0,0,0,0,0,0,0,0,0,0,0,0,0,0,0,0,0,0,0,4,8,10,4,0,8,0,0,0,0,0,0,0,1,0,0,0,0,0,0,0
Megacortex,40,20,70,58,5,9,1,3686,4,62,2,43,78,1308,62,2,0,11,259,124,0,1352,67,6,1,1890,9,2,137,66,36,2,122,21,35,1,67,1763,1,16,2,147,10,8,5,0,0,0,1,57,60,5,57,2,54,5,0,4,3,26,12,40,28,1,3,5,33,2,50,28,0,0,0,2,12,1,57,4,10,27,7,32,0,278,0,0,0,0,0,0,0,0,0,0,0,0,0,0,0,0,0,0,0,0,0,0,0,0,6,6,15,6,0,6,0,0,0,0,0,0,0,0,0,0,0,0,0,0,0
Cryptowall,114,18,4,27,743,2,0,842,12,347,1,32,614,81,753,126,3,9,230,1277,24,60,434,213,4,2139,0,54,173,84,255,3,411,726,329,3,124,265,3,105,113,16,37,1,2,0,108,0,109,226,101,821,148,1,69,2,6,5,12,102,0,311,218,11,30,0,2,0,0,6,0,37,0,41,0,70,4,0,0,0,0,2,1,0,0,3,3,0,0,38,4,0,57,3,0,3,116,0,2,2,0,0,0,0,0,0,8,0,8,2,4,11,0,2,0,0,0,0,0,0,1,0,1,0,0,0,0,0,0
Cryptowall,26,46,315,33,12,17,3,979,13,323,537,29,2833,1236,107,1042,7,24,270,137,3,959,32,14,5,53133,6,2,18,532,317,4,371,21,287,1,6,4733,1,8,4,395,38,5,4,0,0,0,4,315,319,276,4,1,1,0,301,2,0,14,1,105,22,5,6,0,13,8,12,51092,2,3,0,299,12,0,1,9,33,7,7,22,1,45,0,0,0,0,0,0,18,0,0,2,0,0,0,0,0,0,0,0,0,0,0,0,1,0,0,0,0,0,0,0,0,0,0,0,0,0,0,0,0,0,0,0,0,0,0
Cryptowall,33,26,128,11,5,5,0,3146,10,65,0,1,31,0,120,3,2,17,162,81,0,927,23,6,3,958,4,3,14,9,20,0,56,5,17,2,0,14,2,14,1,49,5,0,1,2,0,0,1,63,0,0,0,0,0,1,1,2,0,28,0,192,30,2,0,0,25,0,3,35,0,0,0,2,8,0,1,3,0,35,5,25,1,142,0,0,0,0,0,0,1,0,0,0,0,0,0,0,0,0,0,0,0,0,0,0,0,0,0,0,0,0,0,0,0,0,0,0,0,0,0,0,0,0,0,0,0,0,0
Cryptowall,33,26,128,11,5,3,0,3146,10,65,0,1,31,0,120,3,2,17,162,81,0,929,23,6,3,958,4,3,14,8,20,0,56,5,17,2,0,14,2,14,1,49,5,0,1,2,0,0,1,63,0,0,0,0,0,1,1,2,0,28,0,197,30,2,0,0,25,0,3,35,0,0,0,2,8,0,1,3,23,35,5,25,1,142,0,0,0,0,0,0,1,0,0,0,0,0,0,0,0,0,0,0,0,0,0,0,0,0,0,0,0,0,0,0,0,0,0,0,0,0,0,0,0,0,0,0,0,0,0
Cryptowall,0,0,0,0,0,0,0,5,0,0,0,0,3,0,0,0,0,0,0,1,0,5,0,0,0,20,0,0,0,0,1,0,1,0,0,0,0,0,0,0,0,0,0,0,0,0,0,0,0,0,0,0,0,0,0,0,0,0,0,0,0,0,0,0,0,0,0,0,15,0,0,0,0,0,0,0,0,0,0,0,0,0,0,0,0,0,0,0,0,0,0,0,0,0,0,0,0,0,0,0,0,0,0,0,0,0,0,0,0,0,0,0,0,0,0,0,0,0,0,0,0,0,0,0,0,0,0,0,0
wannacry,3,4,0,2,0,0,1,14,1,7,16,1,79,1,77,2,0,2,37,21,0,55,1045,3,0,132,0,0,283,65,14,0,6,5,2,3,11,3,3,0,1,2,17,0,0,0,0,0,1,1,1,1,0,0,0,3,1,3,2,0,1,117,2,1,0,7,0,0,2,2,0,4,0,3,0,1,1,0,0,0,0,0,0,10,0,0,0,0,0,1,79,0,0,35,0,0,1,0,0,0,0,0,0,0,0,0,0,0,1,0,0,4,0,0,0,0,0,0,0,0,17,0,0,0,0,0,0,0,0
wannacry,8,20,61,8,2,0,1,3125,1,250,0,0,56,1,169,7,1,10,180,223,0,808,22,0,1,1397,2,1,88,12,180,0,261,185,242,0,1,257,0,14,1,41,5,0,5,0,0,0,0,84,4,229,0,0,0,0,0,2,0,275831,0,0,26,0,0,0,20,0,0,183,1,1015,0,2,6,1,8,135,7,7,4,20,0,146,0,0,0,0,0,0,0,0,0,0,0,0,0,0,0,0,0,0,0,0,0,0,0,0,1,0,0,2,78,0,0,0,0,0,0,0,0,0,0,0,0,0,0,0,0
wannacry,0,1,0,4,0,0,0,10,0,5,0,3,18,1,12,0,0,0,9,14,3,7,9,6,0,14,0,0,0,7,2,2,5,0,4,0,0,0,0,0,1,0,0,0,0,0,0,0,1,0,0,1,0,0,0,0,0,0,0,0,0,0,2,1,0,0,0,0,0,0,0,0,0,0,0,0,0,0,23,35,0,0,0,0,0,0,0,0,0,0,0,3,0,0,0,0,0,0,0,0,0,0,0,0,0,0,0,0,0,0,0,0,0,0,0,0,0,0,0,0,0,0,1,2,0,0,0,0,0
wannacry,9,7,17,10,605,4,0,168,7,21,0,0,195,15,419,8,3,12,159,48,5,6,243,0,1,238,0,33,61,56,39,2,66,10,14,2,145,33,2,2,3,6,20,0,4,0,8,0,2,10,0,10,177,0,49,1,4,0,5,1,0,216,4,4,0,0,2,0,0,6,0,5,0,20,0,42,1,30,0,0,0,3,1,2,0,2,4,0,1,0,0,0,57,0,0,3,0,1,2,3,0,0,0,0,0,0,4,0,7,16,2,9,0,1,0,0,0,0,0,0,0,0,0,0,0,0,0,0,0
wannacry,0,1,0,2,2,0,0,33,0,5,0,0,4,0,14,1,0,0,8,10,1,10,4,3,0,117,0,1,2,3,11,0,3,0,4,0,0,2,0,0,0,1,1,0,0,0,3,0,0,0,0,3,0,0,0,0,0,0,0,0,0,0,0,0,0,0,0,0,0,0,0,0,0,0,0,0,1,0,0,0,0,0,0,0,0,0,0,0,0,0,0,0,0,0,0,0,0,0,0,0,0,0,0,0,0,0,0,0,0,0,0,0,0,0,0,0,0,0,0,0,0,0,0,0,0,0,0,0,0
wannacry,969,347,13631,837,38,89,0,19467,8,1630,0,121,329,35,92,242,41,1664,568,1449,0,35342,1239,0,92,23670,124,133,140,78,136,0,561,295,660,0,0,4879,0,122,1,10963,59,0,104,0,0,0,0,317,2422,250,0,0,0,0,43,0,0,58,0,0,58,2,0,1,296,348,295,2562,244,41874,10,268,6,0,74,66,5752,246,68,318,1,1358,3,0,0,0,0,0,0,0,0,0,0,0,0,0,0,0,0,0,0,0,0,0,0,0,0,0,0,0,6339,0,0,0,0,0,0,57,0,0,0,0,0,0,0,0,0
wannacry,4,5,6,11,1,0,0,74,0,12,6,28,13,0,61,6,0,6,30,23,0,173,3,0,2,229,0,0,0,14,13,0,7,2,9,0,5,96,0,0,0,0,0,0,0,0,0,0,0,0,120,0,0,0,0,0,0,0,0,0,0,0,0,0,0,2,2,0,0,0,0,0,0,6,0,0,0,0,30,0,0,3,0,20,0,0,0,0,0,0,0,0,0,0,0,0,0,0,0,0,0,0,0,0,0,0,0,0,3,3,0,2,0,2,0,0,0,0,0,0,0,0,0,0,0,0,0,0,0
bitpaymer,0,0,0,1,0,0,0,4,0,0,0,0,11,1,15,0,0,0,6,4,0,0,22,3,0,81,0,0,16,7,2,0,2,4,0,0,2,0,0,0,1,0,6,0,0,0,0,0,0,0,0,1,0,0,0,0,0,0,0,0,0,0,0,0,0,0,11,0,0,0,0,0,0,0,0,1,0,0,0,0,0,0,0,0,0,0,0,0,0,0,0,0,0,0,0,0,0,0,0,0,0,0,0,0,0,0,0,0,3,0,0,2,0,0,0,0,0,0,0,0,0,0,0,0,0,0,0,0,0
bitpaymer,2,0,0,2,0,0,0,44,2,5,5,0,18,0,80,4,0,0,37,58,0,20,35,4,0,40145,2,0,1,4,14,0,6,3,4,0,1,3,0,0,1,0,0,0,1,0,0,0,1,0,3,1,1,0,1,1,0,0,0,0,0,0,2,2,0,0,1,0,0,2,0,4,0,0,0,0,0,0,1,0,0,1,0,0,0,0,0,0,0,0,1,0,0,0,0,0,0,0,0,0,0,0,0,0,0,0,0,0,0,0,0,0,0,0,0,0,0,0,0,0,0,0,0,0,0,0,0,0,0
bitpaymer,1,0,0,1,0,0,0,8,1,0,0,0,5,0,90,2,0,1,6,8,3,3,28,3,0,131,0,0,0,2,15,0,3,0,0,0,1,0,0,0,0,0,0,0,0,0,0,0,0,0,0,0,1,0,2,1,0,0,0,0,1,0,0,0,1,0,0,0,0,0,0,0,0,0,0,0,0,0,0,0,0,0,0,0,0,0,0,0,0,0,0,0,0,0,0,0,0,0,0,0,0,0,0,0,0,0,0,0,0,0,0,0,0,0,0,0,0,0,0,0,0,0,0,0,0,0,0,0,0
bitpaymer,1,0,0,1,0,0,0,8,1,0,0,0,6,0,90,2,0,1,6,8,3,3,28,3,0,131,0,0,0,2,15,0,3,0,0,0,1,0,0,0,0,0,0,0,0,0,0,0,0,0,0,0,1,0,2,1,0,0,0,0,1,0,0,0,1,0,0,0,0,0,0,0,0,0,0,0,0,0,0,0,0,0,0,0,0,0,0,0,0,0,0,0,0,0,0,0,0,0,0,0,0,0,0,0,0,0,0,0,0,0,0,0,0,0,0,0,0,0,0,0,0,0,0,0,0,0,0,0,0
bitpaymer,6,2,8,13,5,0,0,31,0,13,0,21,48,39,137,0,1,2,55,16,0,119,21,0,0,1965,0,0,1811,17,33,0,42,11,11,1,4,589833,0,0,0,56,1784,0,0,0,0,1,0,1,74,8,11,1,3,0,4,20,29,0,1,41,0,0,0,1,0,8,1,1,0,4,0,0,0,0,0,9,0,0,0,1,0,12,0,2,1,0,0,0,14,0,1,0,0,0,0,0,1,1,0,0,0,0,0,0,1,0,0,0,0,1,0,0,0,0,0,0,0,0,0,0,0,0,0,0,0,0,0
bitpaymer,1,0,0,2,0,0,0,11,1,1,0,0,5,0,81,2,0,1,6,9,3,3,29,3,0,143,0,0,0,2,13,0,4,0,1,0,1,0,0,0,0,0,0,0,0,0,0,0,0,0,0,0,1,0,2,1,0,0,0,0,1,0,0,0,1,0,23,0,0,0,0,0,0,0,0,0,0,0,0,0,0,0,0,0,0,0,0,0,0,0,0,0,0,0,0,0,0,0,0,0,0,0,0,0,0,0,0,0,0,0,0,0,0,0,0,0,0,0,0,0,0,0,0,0,0,0,0,0,0
locky,67,87,145,95,53,13,0,1337,14,168,6,14,651,198,128,18,20,22,3053,75,0,1476,298,0,14,1609,2,2,55,18,123,2,387,46,71,0,0,6,0,2,0,7637,8,0,10,0,0,0,0,32,1,4,0,7,0,0,0,0,0,68,2,0,4,13,0,4,145,12,7,54,0,61,0,4,6,1,17,153,129,21,4,163,3,25,0,2,0,0,0,0,4,0,0,0,0,0,0,0,0,0,0,0,0,0,0,0,0,0,0,0,0,0,180,0,0,0,0,0,0,0,0,0,0,0,4,0,0,0,0
locky,65,85,143,93,41,13,0,1318,14,158,3,14,559,193,128,18,20,22,3025,74,0,1467,288,0,14,1474,2,2,55,12,123,2,385,46,63,0,0,6,0,2,0,7636,8,0,10,0,0,0,0,32,2,4,0,7,0,0,0,0,0,68,2,0,4,13,0,4,143,12,7,54,0,61,0,4,6,1,17,153,123,21,4,161,3,25,0,1,0,0,0,0,4,0,0,0,0,0,0,0,0,0,0,0,0,0,0,0,0,0,0,0,0,0,84,0,0,0,0,0,0,0,0,0,0,0,4,0,0,0,0
locky,67,85,145,95,50,13,0,1318,14,164,5,14,557,193,128,18,20,22,3041,71,0,1476,298,0,14,1484,2,2,40,19,122,2,385,46,69,0,0,6,0,2,0,7637,8,0,10,0,0,0,0,32,1,4,0,7,0,0,0,0,0,68,2,0,4,13,0,4,143,12,7,54,0,61,0,4,6,1,17,153,122,21,4,161,3,25,0,2,0,0,0,0,4,0,0,0,0,0,0,0,0,0,0,0,0,0,0,0,0,0,0,0,0,0,84,0,0,0,0,0,0,0,0,0,0,0,4,0,0,0,0
locky,180,696,615,5096,342,34,0,12570,108,902,294,141,1854,802,10517,104,112,164,11247,451,0,9624,5716,9,67,17722,8,8,394,545,306,18,555,384,354,0,3,30,0,16,0,40782,31,0,51,0,0,0,0,89,13,29,0,47,0,0,0,0,0,591,18,0,16,46,0,22,410,102,38,126,0,482,0,14,24,9,154,1213,323,54,16,452,11,143,0,0,0,0,0,0,13,0,0,0,0,0,0,0,0,0,0,0,0,4,0,0,0,0,0,0,0,0,462,0,0,0,0,0,0,0,0,0,0,0,4,0,0,0,0
locky,2,3,17,30,10962,2,0,97,0,9,487,2474,181,1,27,14,6,6,32,4,5,212,20,3,8,413,0,1,27,25,1,1,10,3,9,0,4,73,0,2,0,7,10,0,0,0,2,0,0,1,69,2,10,0,2,1,0,0,0,0,0,0,0,1,0,0,6,8,2,2,0,0,0,2,0,24,0,0,0,0,0,6,0,12,0,0,0,9,1,9,0,0,0,1,0,0,9,1,0,0,0,0,0,0,0,0,0,0,0,0,0,0,0,0,0,0,0,0,0,0,0,0,0,0,0,0,0,0,0
locky,12,7,11,20,2,8,0,1767,3,653,1,34,372,0,25,2,2,40,137,1395,0,262,41,3,1,2476,2,0,636,238,36,1,650,857,648,0,1,4,0,0,0,340,15,0,0,0,0,0,0,12,0,1180,2,1,1,2,0,0,0,0,7,0,0,0,0,1,0,8,8,0,0,1,0,0,6,0,0,15,4,0,3,2,0,819,0,0,0,0,0,0,0,0,0,0,0,0,0,0,0,0,0,0,0,0,0,0,0,0,0,0,0,0,0,0,0,0,0,0,0,0,0,0,0,0,0,0,0,0,0
locky,10,5,7,12,1,15,0,1215,0,6,0,0,44,9,34,0,2,2,35,34,0,322,8,3,2,460,2,0,50,14,4,0,6,0,1,0,0,390,0,0,2,49,0,0,0,0,0,0,0,0,29,1,0,0,0,0,0,0,4,0,0,0,0,0,0,3,1,0,0,0,0,0,0,0,6,0,2,0,6,0,3,4,0,0,0,0,0,0,0,0,0,0,0,0,0,0,0,0,0,0,0,0,0,0,0,0,0,0,0,0,3,0,0,0,0,0,0,0,0,0,0,0,0,0,0,0,0,0,0
locky,24,69,989,227,9,23,1,7134,44,127,3,22,1064,2,97,16,8,41,601,181,16,3566,266,3,8,3469,5,8,161,635,277,2,204,78,91,1,14,382,1,28,3,195,61,1,4,0,0,0,1,222,142,51,16,3,7,0,6,0,0,52,2,103,54,4,3,7,57,19,103,118,8,143,0,13,12,29,3,217,138,21,8,92,1,466,0,0,6,0,0,1,0,4,0,0,0,0,1,0,0,6,0,1,0,0,0,0,0,0,1,0,1,1,13,0,0,0,0,1,0,0,0,0,2,0,0,3,0,0,0
locky,0,3,0,2,0,0,0,25,0,4,0,43,67,1,34,0,0,4,45,75,11,3,11,6,0,191,0,0,13,42,11,0,15,2,2,10,2,5,10,0,2,2,14,0,0,0,0,0,1,5,24,1,4,1,3,1,0,0,0,0,0,980,2,1,0,0,0,0,0,0,0,0,0,0,0,1,1,0,0,0,2,0,0,0,0,0,0,0,0,0,2,0,0,1,0,0,0,0,0,0,0,0,0,0,0,0,0,0,0,0,0,0,0,0,0,0,0,0,0,0,0,0,0,0,0,0,0,0,0
teslacrypt,0,0,0,0,0,0,0,1,0,0,0,0,20,0,12,0,0,0,0,1,0,0,1,1,0,1,0,0,0,2,0,1,0,0,0,0,0,0,0,0,0,7,0,0,0,0,0,0,0,0,0,0,0,0,0,0,0,0,0,0,0,0,0,0,0,0,0,0,0,0,0,0,0,0,0,0,0,0,0,0,0,0,0,0,0,0,0,0,0,0,0,0,0,0,0,0,0,0,0,0,0,0,0,0,0,0,0,0,0,0,0,0,0,0,0,0,0,0,0,0,0,0,0,0,0,0,0,0,0
teslacrypt,0,0,0,0,0,1,0,2,0,0,0,4,6,0,24,0,1,0,2,1,0,1,3,0,0,4,0,0,0,3,3,1,1,13,0,0,0,0,0,0,0,0,0,0,0,0,0,0,0,0,0,0,0,0,0,0,0,0,0,0,0,0,0,0,0,0,0,0,0,0,0,4,0,0,0,0,0,0,0,0,0,0,0,0,0,0,0,0,0,0,0,0,0,0,0,0,0,0,0,0,0,0,0,0,0,0,0,0,0,0,0,0,0,0,0,0,0,0,0,0,0,0,0,0,0,0,0,0,0
petya,0,0,0,3,0,0,0,10,0,1,1,1,10832,4890,6,0,1,0,6,12,3,0,10484,3,0,1164,0,0,247,10543,246,1,423,0,1,4,1,257,4,318,1,0,471,1,0,0,996,0,1,246,1,0,1,0,1,0,246,0,2,0,0,422,2,0,1,0,0,0,0,0,0,0,0,6,0,0,0,0,0,0,0,0,0,0,0,0,0,0,0,0,0,0,0,250,0,0,0,0,0,0,0,0,0,0,0,0,1,0,0,0,0,0,0,0,0,0,0,0,0,0,0,0,0,0,0,0,0,0,0
petya,3,0,0,1,0,0,2,30,2,1,19,0,123,2,8,283,11,11,23,28,0,16,7,3,0,323,0,0,0,121,32,0,42,0,1,0,0,0,0,0,7,6,0,0,0,0,0,0,1,23,0,1,0,0,0,0,8,0,0,833,0,0,12,4,0,0,0,1,1,43,0,0,0,0,0,3,0,0,0,0,0,0,0,0,0,0,0,0,0,0,0,0,0,0,0,0,0,0,0,0,0,0,0,0,0,0,0,0,0,0,0,0,0,0,0,0,0,0,0,0,0,0,0,0,0,0,0,0,0
petya,1,0,0,2,0,0,0,12,0,1,2,0,10692,4309,5,0,1,0,5,16,0,0,10480,5,0,941,0,0,226,10546,225,1,364,0,1,4,1,237,4,277,2,0,339,1,0,0,908,0,2,225,1,0,1,0,1,0,225,0,2,0,0,412,4,0,1,0,0,0,0,0,0,0,0,8,0,0,0,0,0,0,0,0,0,0,0,0,0,0,0,0,0,0,0,228,0,0,0,0,0,0,0,0,0,0,0,0,1,0,0,0,0,0,0,0,0,0,0,0,0,0,0,0,0,0,0,0,0,0,0
petya,0,0,0,0,0,0,0,6,0,1,840,0,587,10375,0,0,1261,0,4,4,0,0,6,0,0,2584,0,0,620,173,619,0,986,0,1,0,1,623,0,782,0,0,1012,1,0,0,2485,0,0,618,1,0,1,0,1,0,618,0,2,0,0,0,0,0,1,0,0,0,0,0,0,0,0,0,0,0,0,0,0,0,0,0,0,0,0,0,0,0,0,0,0,0,0,623,0,0,0,0,0,0,0,0,0,0,0,0,1,0,0,0,0,0,0,0,0,0,0,0,0,0,0,0,0,0,0,0,0,0,0
petya,1,4,2,396,1,0,0,29,0,6,23,0,220,2954,66,0,2,1,45,9,0,7,514,1,0,534,0,0,185,62,192,0,246,1,2,0,1,185,0,190,0,0,121,1,0,0,729,0,0,180,1,0,1,0,1,0,180,0,2,0,0,0,0,1,1,0,0,0,0,0,0,8,0,0,0,1027,0,135,0,0,0,0,0,4,0,0,0,0,0,0,0,0,0,184,0,0,0,0,0,0,0,0,0,0,0,0,1,0,0,0,0,0,0,0,0,0,0,0,0,0,0,0,0,0,0,0,0,0,0
bitcoin,11,12,0,14,0,0,0,233,22,35,0,73,105,3,43,22,0,1,107,635,25,39,39,55,0,735,0,0,22,36,21,2,14,68,27,0,0,0,0,0,19,2,14,0,0,0,0,0,4,2,0,3,0,1,0,0,3,1,0,0,0,0,36,18,0,0,0,1,0,0,0,6,0,0,0,2,0,0,0,0,0,0,0,0,0,0,0,0,0,0,0,0,0,0,0,0,0,0,0,0,0,0,0,1,0,0,0,0,0,0,0,0,0,0,0,0,0,0,0,0,0,0,0,0,0,0,1,0,0
bitcoin,14,13,14,9,5,0,1,367,15,22,481707,88,159,1,739,11,13,9,249,171,10,263,71,13,5,654,0,0,33,72,156,2,11,13,13,4,12,1,4,0,5,82,22,0,0,0,0,0,4,144,0,0,0,3,0,0,0,1,4,0,11,378,8,4,0,3,1,8,8,4,0,0,0,1,0,0,7,38,3,60,0,0,0,14,0,0,0,0,1,0,0,0,0,0,0,0,0,1,0,0,0,0,0,0,0,0,0,0,0,0,0,14,0,9,6,0,0,0,0,0,0,0,0,0,0,0,0,2,0
bitcoin,0,0,0,1,0,0,0,1,0,0,0,0,0,0,12,0,0,3,2,1,0,0,10,3,0,76,0,0,0,0,0,1,0,0,0,0,0,0,0,0,0,1,0,0,0,0,0,0,0,0,0,0,1,0,0,0,0,0,0,0,1,0,0,0,0,0,0,0,0,0,0,0,0,0,0,0,0,0,0,0,0,0,0,0,0,0,0,0,0,0,0,0,0,0,0,0,0,0,0,0,0,0,0,0,0,0,0,0,0,0,0,0,0,0,0,0,0,0,0,0,0,0,0,0,0,0,0,0,0
bitcoin,0,0,0,1,0,0,0,1,0,0,0,0,0,0,12,0,0,3,2,1,0,0,10,3,0,76,0,0,0,0,0,1,0,0,0,0,0,0,0,0,0,1,0,0,0,0,0,0,0,0,0,0,1,0,0,0,0,0,0,0,1,0,0,0,0,0,0,0,0,0,0,0,0,0,0,0,0,0,0,0,0,0,0,0,0,0,0,0,0,0,0,0,0,0,0,0,0,0,0,0,0,0,0,0,0,0,0,0,0,0,0,0,0,0,0,0,0,0,0,0,0,0,0,0,0,0,0,0,0
bitcoin,0,0,0,1,0,0,0,1,0,0,0,0,0,0,12,0,0,3,2,1,0,0,10,3,0,76,0,0,0,0,0,1,0,0,0,0,0,0,0,0,0,1,0,0,0,0,0,0,0,0,0,0,1,0,0,0,0,0,0,0,1,0,0,0,0,0,0,0,0,0,0,0,0,0,0,0,0,0,0,0,0,0,0,0,0,0,0,0,0,0,0,0,0,0,0,0,0,0,0,0,0,0,0,0,0,0,0,0,0,0,0,0,0,0,0,0,0,0,0,0,0,0,0,0,0,0,0,0,0
cryptojoker,6,16,13,27,6,7,0,146,0,26,17,1,71,0,332,2,2,5,166,43,0,114,43,6,6,377,3,0,2,40,31,0,18,13,20,0,21,1,0,1,1,0,3,0,3,0,0,0,1,0,0,4,28,0,17,0,0,0,0,0,0,0,2,1,0,1,3,0,0,1,0,132,0,4,6,2,0,135,6,0,3,4,1,5,0,0,1,0,0,0,0,0,5,0,0,1,0,0,2,0,0,0,0,0,0,0,0,0,0,0,0,0,1,0,0,0,0,0,0,11,0,0,0,0,0,0,0,0,0
cryptojoker,1,16,6,28,6,1,0,67,0,24,13,1,53,0,339,4,2,5,158,37,0,55,41,6,6,270,1,0,2,37,30,0,17,12,18,0,21,1,0,1,1,0,3,0,3,0,0,0,1,0,0,2,28,0,17,0,0,0,0,0,0,0,2,1,0,1,2,0,0,1,0,186,0,4,0,2,0,135,2,0,0,3,1,5,0,0,1,0,0,0,0,0,5,0,0,1,0,0,2,0,0,0,0,0,0,0,0,0,0,0,0,0,2,0,0,0,0,0,0,8,0,0,0,0,0,0,0,0,0
cryptojoker,6,16,13,27,6,7,0,146,0,26,17,1,55,0,332,2,2,5,166,43,0,114,43,6,6,377,3,0,2,38,31,0,18,13,20,0,21,1,0,1,1,0,3,0,3,0,0,0,1,0,0,4,28,0,17,0,0,0,0,0,0,0,2,1,0,1,3,0,0,1,0,132,0,4,6,2,0,135,6,0,3,4,1,5,0,0,1,0,0,0,0,0,5,0,0,1,0,0,2,0,0,0,0,0,0,0,0,0,0,0,0,0,1,0,0,0,0,0,0,8,0,0,0,0,0,0,0,0,0
spider,41,57,300,54,5195,37,2,4258,20,95,843,62,575,71,775,34,16,29,480,292,19,1739,193,3,20,1953,9,82,106,171,105,4,149,50,64,0,214,120,0,14,8,130,64,0,2,0,0,0,5,49,0,28,329,4,105,1,1,3,0,1212,4,0,36,15,7,2,39,8,3,29,6,9,0,19,12,140,3,61,55,17,7,33,2,303,0,6,5,41,2,125,14,82,114,3,0,6,124,2,4,5,0,0,0,0,0,0,1,0,0,6,3,11,0,14,0,0,0,0,0,0,0,0,0,0,0,0,0,0,0
spider,5,6,2,4,0,0,0,151,3,8,0,21,5,0,131,2,0,3,66,17,3,135,22,3,0,291,0,0,1,2,28,0,5,8,6,0,2,0,0,0,0,46,0,0,0,0,0,0,0,0,0,0,4,3,4,2,0,0,0,0,2,0,0,0,0,1,0,8,8,0,0,0,0,0,0,0,0,8,0,0,0,0,0,12,0,0,0,0,0,0,0,0,0,0,0,0,0,0,0,0,0,0,0,0,0,0,0,0,0,0,0,0,0,0,0,0,0,0,0,0,0,0,0,0,0,0,0,0,0
cryptomix,12,17,826,17,5,23,0,3265,1,30,1,0,76,284,37,5,64,8,97,74,14,2077,25,6,1,1475,4,1,67,25,27,1,46,11,20,0,2,173,0,7,1,402,9,0,5,0,0,14,1,17,151,17,4,0,2,0,0,1,16,12,0,0,14,1,0,0,16,5,13,2,3,99,0,0,6,0,6,124,27,7,3,13,1,310,0,0,0,0,0,0,0,0,0,0,0,0,0,0,0,0,0,0,0,0,0,0,0,0,0,0,14,0,28,0,0,0,0,0,0,0,0,0,0,0,0,0,0,0,0
cryptomix,5,5,2,11,0,0,2,155,3,12,47,26,35,1,37,3,8,8,97,22,0,81,23,1,0,195,0,0,10,6,23,1,18,7,8,0,79,1,0,5,1,245,0,2,0,0,0,0,1,8,0,2,92,3,65,1,0,5,0,0,2,0,2,1,11,1,0,8,1,0,0,0,0,0,0,0,3,8,0,4,4,0,0,12,0,0,0,0,0,64,4,0,0,64,0,0,64,0,0,0,0,0,0,0,0,0,0,0,0,1,0,3,0,1,0,0,0,0,0,0,0,0,0,0,0,0,0,0,0
cryptomix,28,26,310,124,36317,15,2,1449,20,270,4249,1161,1730,22,864,222,59,27,523,762,300,1551,430,42,710,4549,0,1164,9725,189,147,8,426,36,235,6,404,915,6,85,17,1744,267,4,0,6,122,0,13,9,748,26,970,6,430,23,2,8,0,3531,0,636,26,41,0,5,51,48,44,46,0,0,0,128,0,426,78,568,16,0,0,53,3,386,0,62,16,287,2,353,36,65,192,15,2620,6,351,2,12,16,0,0,0,0,0,0,1,0,0,0,0,0,0,0,0,0,0,0,0,0,0,0,2,4,0,0,0,0,0
cryptomix,33,20,128,13,5,3,0,3141,9,60,0,0,41,0,22,2,2,17,132,57,0,919,20,6,3,988,3,3,14,11,20,0,57,5,22,2,0,14,2,14,1,49,5,0,1,2,0,0,1,63,0,0,0,0,0,1,1,2,0,28,0,187,30,2,0,0,25,0,3,35,2,0,0,2,8,0,1,3,23,35,5,25,1,142,0,0,0,0,0,0,1,0,0,0,0,0,0,0,0,0,0,0,0,0,0,0,0,0,0,0,0,0,0,0,0,0,0,0,0,0,0,0,0,0,0,0,0,0,2
cryptomix,37,99,910,15,5,84,1,1756,25,159,273,245,809,1478,195,609310,274,15,369,938,10,2209,823,63,276,3413,14,2,81,638,81,1,680,54,95,0,502,255,0,7,21,43,155,248,3,0,0,0,21,98,1222,61,0,10,256,0,1,486,258,14,0,0,63,44,0,0,22,10,531,22,20,0,0,2,6,787,1,1,125,70,4,12,1,377,2,0,0,491,0,0,0,0,0,493,488,0,0,0,0,0,246,0,0,0,0,0,1,0,0,0,0,0,0,0,0,0,0,0,0,0,0,0,488,0,0,0,0,0,0
raas,0,0,0,0,0,0,0,0,0,0,0,0,7,0,5,0,0,0,1,0,0,0,2,3,0,7,0,0,0,2,0,1,0,0,0,1,0,0,0,0,0,0,0,0,0,0,0,0,0,0,0,0,0,0,0,0,0,0,0,0,0,0,0,0,0,0,0,0,0,0,0,0,0,0,0,2,0,0,0,0,0,0,0,0,0,0,0,0,0,0,0,0,0,0,0,0,0,0,0,0,0,0,0,0,0,0,0,0,0,0,0,0,0,0,0,0,0,0,0,0,0,0,0,0,0,0,0,0,0
raas,12,32,594,23,1476,13,1,1235,11,39,1531,42,392,0,291,16,3,14,225,288,3,1297,92,12,4,14599,5,2,18,110,166,0,1493,21,24,1,11,7,1,7,4,22,10699,5,3,0,0,0,4,18,0,7,14,1,10,1,0,1468,0,14,0,102,22,5,5,2,13,12,8,4,3,2,19,1,6,0,1,1,94,7,4,12,1,105,2,0,0,0,0,0,0,0,0,0,0,0,0,0,0,0,0,0,0,0,0,0,0,0,0,0,0,0,0,0,0,0,0,0,0,0,0,0,0,0,0,0,0,0,0
raas,4,0,0,3,41,4,0,18,1,6,0,0,87,0,334,4,2,3,49,21,0,12,38,1,0,68,1,2,4,50,18,1,17,3,6,0,23,6,0,0,0,0,4,0,0,0,0,0,0,0,0,0,32,0,28,1,0,0,0,0,0,0,0,2,0,0,0,0,0,6,0,0,0,3,0,6,0,0,0,0,0,0,0,0,0,0,1,0,0,0,0,0,57,0,0,3,0,0,2,1,0,0,0,0,0,0,0,0,0,0,0,0,0,0,0,0,0,0,0,0,0,0,0,0,0,0,0,0,0
raas,14,44,310,49,27,21,0,1611,8,59,0,7715,378,4,266,7,2,53,380,185,0,1084,95,7,11635,1714,76,2,11,281,62,2,66,71,38,0,0,11,0,7,4,24,5,0,5,0,0,0,2,18,0,6,32,0,0,2,0,0,0,14,0,0,18,3,0,2,14,10,15,533,4,0,0,4,6,0,1,1,84,7,4,50,3,61,0,0,0,0,0,0,1,0,0,0,0,0,0,0,0,0,0,0,0,0,0,0,0,0,1,0,0,1,0,0,0,0,0,0,0,0,0,0,0,0,0,0,0,0,0
raas,9,27,559,14,9,12,0,1079,5,31,1634,1,1410,7190,275,4,4,11,190,65,0,1257,84,0,1,7371,5,2,305,781,3117,0,5151,19,21,1,11,4049,1,7,1,21,242,5,1,0,0,0,1,2971,0,7,14,0,10,1,7511,0,2,14,0,99,16,2,5,2,13,10,6,4,3,2,19,1,6,0,1,1,94,7,4,12,1,49,0,0,0,0,0,0,0,0,0,0,0,0,0,0,0,0,0,0,0,0,0,0,0,0,0,0,0,0,0,0,0,0,0,0,0,0,0,0,0,0,0,0,0,0,0
raas,9,27,559,14,9,12,0,1079,5,31,1446,1,1360,6484,275,4,4,11,190,65,0,1257,84,0,1,6907,5,2,245,886,2974,0,3819,19,21,1,11,3314,1,7,1,21,185,5,1,0,0,0,1,2828,0,7,14,0,10,1,6152,0,2,14,0,97,16,2,5,2,13,10,6,4,3,2,19,1,6,0,1,1,94,7,4,12,1,49,0,0,0,0,0,0,0,0,0,0,0,0,0,0,0,0,0,0,0,0,0,0,0,0,0,0,0,0,0,0,0,0,0,0,0,0,0,0,0,0,0,0,0,0,0
raas,3,1,0,0,2,0,0,0,0,1,0,0,80,0,343,0,1,0,19,2,0,4,14,2,0,30,0,0,0,77,21,0,1,2,1,1,0,0,1,0,0,1,0,0,0,0,0,0,0,0,0,0,0,0,0,0,0,0,0,0,0,75,0,0,0,1,0,0,0,2,0,0,0,0,0,0,0,0,0,0,0,0,0,0,0,0,0,0,0,0,0,0,0,0,0,0,0,0,0,0,0,0,0,0,0,0,0,0,0,0,0,0,0,0,0,0,0,0,0,0,0,0,0,0,0,0,0,0,0
