Family;SHA1;MD5;NtDuplicateObject;NtOpenSection;NtQueryKey;LdrUnloadDll;GetSystemInfo;IsDebuggerPresent;LookUpPrivilegeValueW;NtQueryValueKey;NtOpenDirectoryObject;NtMapViewOfSection;NtDelayExecution;NtDeviceIoControlFile;NtAllocateVirtualMemory;NtWriteFile;LdrGetDllHandle;NtQuerySystemInformation;CreateThread;NtCreateMutant;NtProtectVirtualMemory;NtOpenKey;GetFileType;NtOpenKeyEx;LdrLoadDll;NtTerminateProcess;UuidCreate;NtClose;DeviceIoControl;GetFileAttributesEXW;GetFileAttributesW;NtFreeVirtualMemory;NtOpenFile;SetUnhandledExceptionFilter;NtCreateFile;NtQueryAttributesFile;NtCreateSection;CreateToolHelp32Snapshot;RegCloseKey;NtReadFile;Process32FirstW;GetFileSizeEx;GetTempPathW;GetSystemTimeAsFileTime;findFirstFileExW;RegSetValueExW;NtOpenMutant;OpenSCManagerW;SetFilePointerEX;SetEndOfFile;NtCreateUserProcess;NtQueryInformationFile;SetFilePointer;NtUnmapViewOfSection;RegOpenKeyExW;NtOpenThread;RegQueryValueExW;GetComputerNameW;NtSetInformationFile;DeleteFileW;SetFileAttributesW;NtReadVirtualMemory;WSAStartup;Process32NextW;NtWriteVirtualMemory;NtResumeThread;RegCreateKeyExW;GetNativeSystemInfo;CoUninitialize;NtSetValueKey;NtCreateKey;OpenServiceW;ControlService;DeleteService;NtOpenProcess;GetForegroundWindow;GetSystemMetrics;RegEnumKeyW;GetFileSize;GetVolumePathNamesForVolumeNameW;SetErrorMode;CreateDirectoryW;ShellExecutionExW;CoGetClassObject;NtEnumerateValueKey;OleInitialize;GetUserNameW;CoCreateInstance;CoCreateInstanceEx;GetSystemDirectoryW;TimeGetTime;NtQueryDirectoryFile;GetVolumeNameForVolumeMountPointW;CoInitializeEx;CoInitializeSecurity;GetDiskFreeSpaceExW;NtEnumerateKey;WriteConsoleW;NtDeleteValueKey;LdrGetProcedureAddress;GetFileInformationByHandle;RtlRemoveVectoredExceptionHandler;GetUserNameExW;GetVolumePathNameW;GetFileVersionInfoSizeW;GlobalMemoryStatusEx;GlobalMemoryStatus;NtSuspendThread;CryptExportKey;LoadStringW;NtGetContextThread;EnumWindows;GetFileVersionInfoExW;CryptCreateHash;NtQueueApcThread;IWbemServices_ExecQuery;SHGetFolderPathW;CryptAcquireContextA;RegEnumKeyExW;CryptAcquireContextW;CryptDecodeObjectEx;RegEnumValueW;GetTimeZoneInformation;GetSystemWindowsDirectoryW;CryptHashData;GetFileVersionInfoSizeExW;RtlAddVectoredExceptionHandler;CertOpenStore;RegQueryInfoKeyW;gethostbyname;CertControlStore;LookupAccountSidW;GetFileVersionInfoW;GetBestInterfaceEx;HttpOpenRequestW;InternetConnectW;InternetCloseHandle;HttpSendRequestW;CryptGenKey;GetDiskFreeSpaceW;closesocket;setsockopt;socket;WSASocketW;InternetOpenW;NtQueryMultipleValueKey;RegDeleteValueW;OutputDebugStringA;NetUserGetLocalGroups;getaddrinfo;SizeofResource;GetComputerNameA;GetUserNameA;LoadResource;FindResourceW;SetFileInformationByHandle;RegDeleteKeyW;NtLoadDriver;CopyFileExW;NetShareEnum;GetAdaptersAddresses;ioctlsocket;GetAddrInfoW;CopyFileW;RegDeleteKeyA;DrawTextExW;RegQueryValueExA;FindWindowW;RegCreateKeyExA;SendNotifyMessageW;GetSystemDirectoryA;DrawTextExA;GetCursorPos;SetFileTime;RegOpenKeyExA;SendNotifyMessageA;GetKeyState;LoadStringA;RemoveDirectoryA;RegSetValueExA;FindResourceA;RegEnumKeyExA;RegDeleteValueA;GetShortPathNameW;OpenServiceA;CreateServiceA;FindResourceExA;SetWindowsHookExA;OpenSCManagerA;UnhookWindowsHookEx;NtDeleteKey;ReadProcessMemory;HttpOpenRequestA;InternetConnectA;InternetQueryOptionA;ObtainUserAgentString;HttpSendRequestA;InternetSetOptionA;DeleteUrlCacheEntryA;InternetOpenA;RegEnumValueA;InternetCrackUrlA;CreateActCtxW;GetKeyboardState;Thread32First;connect;getsockname;select;listen;Thread32Next;accept;Module32FirstW;Module32NextW;bind;SHGetSpecialFolderLocation;NtSetContextThread;WriteProcessMemory;RtlDecompressBuffer;CryptDecrypt;CreateServiceW;StartServiceW;SetWindowsHookExW;ShellExecuteExW;CopyFileA;CryptEncrypt;InternetOpenUrlW;NetUserGetInfo;FindWindowExA;CryptProtectData;URLDownloadToFileW;DeleteUrlCacheEntryW;CreateProcessInternalW;InternetOpenUrlA;InternetCrackUrlW;FindResourceExW;GetAdaptersInfo;InternetReadFile;DnsQuery_A;__exception__;MessageBoxTimeoutW;ReadCabinetState;RtlCreateUserThread;NtLoadKeyEx;FindWindowExW;RegQueryInfoKeyA;IWbemServices_ExecMethodAsync;GetAsyncKeyState;FindWindowA
dharma;2eeb09f59427038ee0f8c8027076be2b754ed703;4651154336b41c59de9fd1423c549c60;7;11;3;14;2;3;1;119;7;20;2030;69;2154;5111;495;7;52;8;109;98;22;74;40;9;3;21562;8;0;8965;2224;246;1;11396;7;14;283;4;22654;283;4575;3;5;11582;1;2;283;7728;4910;3;62;68;3;4;1;3;1;57;2432;2529;2;1;25931;6;3;0;0;0;0;0;0;0;0;0;0;0;0;0;0;0;0;0;0;0;0;0;0;0;0;0;0;0;0;0;0;0;0;0;0;0;0;0;0;0;0;0;0;0;0;0;0;0;0;0;0;0;0;0;0;0;0;0;0;0;0;0;0;0;0;0;0;0;0;0;0;0;0;0;0;0;0;0;0;0;0;0;0;0;0;0;0;0;0;0;0;0;0;0;0;0;0;0;0;0;0;0;0;0;0;0;0;0;0;0;0;0;0;0;0;0;0;0;0;0;0;0;0;0;0;0;0;0;0;0;0;0;0;0;0;0;0;0;0;0;0;0;0;0;0;0;0;0;0;0;0;0;0;0;0;0;0;0;0;0;0;0;0;0;0;0;0;0;0;0;0;0;0;0;0;0;0;0;0;0;0;0;0
dharma;42446f82700f819901a2e8b302c7eb32e1f99d5a;7bf2f1187fb0f74893de4d4f54591af4;7;11;3;14;2;2;1;112;7;20;3054;69;1066;3371;399;7;28;8;108;99;22;73;36;9;3;11701;2;0;5765;1170;186;1;7288;7;14;306;4;4889;306;2890;3;5;4974;1;2;306;5111;3222;3;40;68;3;4;1;3;1;39;1593;1675;2;1;31489;6;3;0;0;0;0;0;0;0;0;0;0;0;0;0;0;0;0;0;0;0;0;0;0;0;0;0;0;0;0;0;0;0;0;0;0;0;0;0;0;0;0;0;0;0;0;0;0;0;0;0;0;0;0;0;0;0;0;0;0;0;0;0;0;0;0;0;0;0;0;0;0;0;0;0;0;0;0;0;0;0;0;0;0;0;0;0;0;0;0;0;0;0;0;0;0;0;0;0;0;0;0;0;0;0;0;0;0;0;0;0;0;0;0;0;0;0;0;0;0;0;0;0;0;0;0;0;0;0;0;0;0;0;0;0;0;0;0;0;0;0;0;0;0;0;0;0;0;0;0;0;0;0;0;0;0;0;0;0;0;0;0;0;0;0;0;0;0;0;0;0;0;0;0;0;0;0;0;0;0;0;0;0;0
dharma;c8a2b0a0b5417f5d502a6446fd7055f9111d0b59;386ad76c899489cbe2966ef26a941802;7;11;3;11;2;2;1;112;7;20;1992;69;798;2106;399;7;28;8;108;97;22;73;36;9;3;7406;2;0;2101;800;93;1;3088;7;14;304;4;3525;304;1054;3;5;3772;1;2;304;3191;1977;3;33;68;3;4;1;3;1;32;973;1047;2;1;30981;6;3;0;0;0;0;0;0;0;0;0;0;0;0;0;0;0;0;0;0;0;0;0;0;0;0;0;0;0;0;0;0;0;0;0;0;0;0;0;0;0;0;0;0;0;0;0;0;0;0;0;0;0;0;0;0;0;0;0;0;0;0;0;0;0;0;0;0;0;0;0;0;0;0;0;0;0;0;0;0;0;0;0;0;0;0;0;0;0;0;0;0;0;0;0;0;0;0;0;0;0;0;0;0;0;0;0;0;0;0;0;0;0;0;0;0;0;0;0;0;0;0;0;0;0;0;0;0;0;0;0;0;0;0;0;0;0;0;0;0;0;0;0;0;0;0;0;0;0;0;0;0;0;0;0;0;0;0;0;0;0;0;0;0;0;0;0;0;0;0;0;0;0;0;0;0;0;0;0;0;0;0;0;0
dharma;27b49e51dfde8186287bc936e1197423951fa9a6;b57980b72eb6497212f86353447d2e5f;7;11;3;11;2;2;1;112;7;20;1684;69;1477;3074;399;7;28;8;108;97;22;73;36;9;3;15629;2;0;6670;1650;221;1;8055;7;14;275;4;5736;275;3392;3;5;8817;1;2;275;4658;2900;3;44;68;3;4;1;3;1;43;1430;1516;2;1;27081;6;3;0;0;0;0;0;0;0;0;0;0;0;0;0;0;0;0;0;0;0;0;0;0;0;0;0;0;0;0;0;0;0;0;0;0;0;0;0;0;0;0;0;0;0;0;0;0;0;0;0;0;0;0;0;0;0;0;0;0;0;0;0;0;0;0;0;0;0;0;0;0;0;0;0;0;0;0;0;0;0;0;0;0;0;0;0;0;0;0;0;0;0;0;0;0;0;0;0;0;0;0;0;0;0;0;0;0;0;0;0;0;0;0;0;0;0;0;0;0;0;0;0;0;0;0;0;0;0;0;0;0;0;0;0;0;0;0;0;0;0;0;0;0;0;0;0;0;0;0;0;0;0;0;0;0;0;0;0;0;0;0;0;0;0;0;0;0;0;0;0;0;0;0;0;0;0;0;0;0;0;0;0;0
dharma;6fecfeb1c43de3b21a370075e02ca7991b71aa66;df3b5f98a4de732dc7c005b817f7fa70;7;11;3;11;2;2;1;112;7;20;1806;69;1555;2593;399;7;28;8;108;97;22;73;36;9;3;12323;2;0;4824;1739;172;1;5968;7;14;260;4;6743;260;2416;3;5;6912;1;2;260;3934;2450;3;38;68;3;4;1;3;1;37;1207;1288;2;1;26777;6;3;0;0;0;0;0;0;0;0;0;0;0;0;0;0;0;0;0;0;0;0;0;0;0;0;0;0;0;0;0;0;0;0;0;0;0;0;0;0;0;0;0;0;0;0;0;0;0;0;0;0;0;0;0;0;0;0;0;0;0;0;0;0;0;0;0;0;0;0;0;0;0;0;0;0;0;0;0;0;0;0;0;0;0;0;0;0;0;0;0;0;0;0;0;0;0;0;0;0;0;0;0;0;0;0;0;0;0;0;0;0;0;0;0;0;0;0;0;0;0;0;0;0;0;0;0;0;0;0;0;0;0;0;0;0;0;0;0;0;0;0;0;0;0;0;0;0;0;0;0;0;0;0;0;0;0;0;0;0;0;0;0;0;0;0;0;0;0;0;0;0;0;0;0;0;0;0;0;0;0;0;0;0
crysis;33fe022ead73e2cab2afbd57ed5a43babb3b0833;d02e4dc2873794442422e9e7ab984629;8;16;5;12;3;2;1;152;9;26;1909;70;1344;3029;99;9;28;11;199;125;22;105;62;12;3;11738;2;0;5816;1382;182;2;7145;11;17;265;4;7393;265;2915;4;7;5243;1;2;265;4591;2878;4;42;68;4;4;1;3;2;40;1420;1503;2;1;26355;8;4;0;0;1;0;0;0;0;0;0;0;6;0;0;0;0;0;0;2;0;1;1;2;0;0;0;0;0;1;0;0;3;0;0;0;0;0;0;0;0;0;0;0;0;2;1;0;0;0;0;0;0;0;0;0;0;0;0;0;0;0;0;0;0;0;0;0;0;0;0;0;0;0;0;0;0;0;0;0;0;0;0;0;0;0;0;0;0;0;0;0;0;0;0;0;0;0;0;0;0;0;2;1;0;0;0;0;4;0;1;0;0;0;0;0;5850;0;0;0;0;0;1;0;0;0;0;1;0;0;0;0;0;0;0;0;0;0;0;0;0;0;0;0;0;0;0;0;0;0;0;1;1;0;0;0;0;0;0;0;0;0;0;0;0;0;0;0;0;0;0;0;0;0;0;0;0;0;0;0;0;0;0;82
crysis;7769f65c969bcc8f6e677b42fcbd9d8516117437;611951ee8ab1f66bace29d81d40fdeb3;8;11;3;16;3;3;1;150;9;117;1730;69;2035;3410;82;12;28;8;125;125;23;86;50;12;3;13081;2;0;6478;1524;188;2;7928;21;107;271;6;7544;271;3246;4;2601;5932;1;2;270;4978;3136;4;42;68;100;4;1;3;1;45;1549;1632;2;1;27379;8;4;0;0;0;0;0;0;0;0;2;1;0;0;1;0;0;0;0;0;0;0;0;0;0;0;0;0;0;0;0;1;0;0;0;0;0;0;0;0;0;1;1;0;0;0;1;0;0;0;0;0;0;0;0;2;0;0;0;0;0;0;0;0;0;0;0;0;0;0;0;0;0;0;0;0;0;0;0;0;0;0;0;0;0;0;0;0;0;0;0;0;0;0;0;0;0;0;0;0;0;0;2;0;0;0;0;3;0;0;2;0;0;4;0;0;0;0;0;0;0;0;1;0;0;0;0;1;0;0;0;0;0;0;0;0;0;0;0;0;1;0;0;0;0;1191;0;1;52;0;0;1;1;0;0;0;0;0;0;0;0;0;0;0;0;0;0;0;0;0;0;0;0;0;11586;0;0;0;0;0;0;0;0;0
crysis;194b8558963cc774c8267ca9d01b9e09e317ec0a;43d895968256c8f74db6f18a42baade7;6;15;3;21;6;2;1;132;8;31;1407;69;1590;3051;116;7;29;11;152;132;22;77;49;12;3;12604;2;0;6244;1629;193;2;7581;10;19;243;13;4570;242;3129;4;8;5931;1;2;242;4635;2902;4;41;68;5;9;1;8;1;39;1432;1515;2;1;24642;8;4;0;0;0;0;0;0;0;0;0;0;21;0;0;0;0;0;0;0;0;0;0;0;0;0;0;0;0;1;0;0;0;0;0;0;0;0;0;0;0;0;0;0;0;0;2;0;0;0;0;0;0;0;0;0;0;0;1;0;0;0;0;0;0;0;0;0;0;0;0;0;0;0;0;0;0;0;0;0;0;0;0;0;0;0;0;0;0;0;0;0;0;0;0;0;0;0;0;0;0;0;3;0;3;0;0;0;4;0;0;0;1;2;0;0;0;0;0;0;0;0;4;0;0;0;0;1;0;0;0;0;0;0;0;0;0;0;0;0;0;0;0;0;0;0;11640;0;0;0;0;1;1;0;0;0;0;0;0;0;0;0;0;195;0;0;0;0;0;0;0;0;0;0;5824;0;0;0;0;0;0;0;27;0
crysis;5af8a417b66cd5a20ae4c01d648ce5f26a1e9ef1;a204a6598182464aec31426ef3190cf1;6;15;4;13;2;2;1;2072;8;25;446;69;3043;1142;103;3895;30;148;165;127;25;2021;39;12;3;394318;72;0;1168;2992;47;2;1707;13;18;99;4;3460;99;581;6;19;3722;1;2;99;1665;1062;4;12;72;3;4;1;3;1;11;526;581;2;71;9901;8;4;0;0;1;0;0;0;0;0;195211;0;0;0;0;0;0;0;0;0;0;1;0;0;0;0;0;0;0;1;0;1;0;0;0;0;0;0;0;0;0;0;0;0;0;0;1;0;0;0;0;0;0;0;0;0;0;0;0;0;0;0;0;0;0;0;0;0;0;0;0;0;0;0;0;1;0;0;0;0;0;0;0;0;0;0;0;1;1;0;0;0;0;0;0;0;0;0;0;0;0;0;0;0;0;0;1;0;4;0;0;0;3;0;0;0;0;0;0;0;0;0;0;0;0;0;0;1;0;0;0;0;0;0;0;0;0;0;0;0;0;0;0;0;0;0;0;0;0;0;0;1;1;0;0;0;0;0;0;0;0;0;0;0;0;0;0;0;0;0;0;0;0;0;0;0;0;0;0;0;0;0;0;0
crysis;5f031bb64923a9139157e3d4bcc454c5991f2240;3ca2ca07a4e1d622e7b0b254248a9ebe;9;17;3;26;5;2;1;136;9;1964;989;69;3112;7991;115;9;28;11;158;128;22;84;63;12;3;16675;2;0;2176;1177;73;2;10936;10;1951;191;8;5947;191;1091;4;6;5184;1;2;191;3324;2046;4;38;5879;5;7;1;6;1;36;1005;1084;2;1;19282;8;4;0;0;0;0;0;0;0;0;0;0;17;0;5808;0;0;0;0;0;0;0;0;0;0;0;0;0;0;1;0;0;1;0;0;0;0;0;0;0;0;0;0;0;0;0;1;0;0;0;0;0;0;0;0;0;0;0;0;0;0;0;0;0;0;0;0;0;0;0;0;0;0;0;0;0;0;0;0;0;0;0;0;0;0;0;0;0;0;0;0;0;0;0;0;0;0;0;0;0;0;0;0;0;0;0;0;2;3;0;0;0;0;9;0;0;6;0;0;0;0;0;2;1;0;0;0;1;0;0;0;0;0;0;0;0;0;0;0;0;0;0;0;0;0;0;0;0;0;0;0;1;1;0;0;0;0;0;0;0;0;0;0;0;0;0;0;0;0;0;0;0;0;0;5840;0;0;0;0;0;0;0;0;0
crysis;cfca0dd5e51e99c3fbb561cc9e7056ac5af16f41;3944d2ec80fe485cf4b82fa9460a2f79;12;21;91;16;3;129;1;3297;8;31;2207;69;854;2908;155;8;28;14;239;99;22;958;53;9;3;12599;3;1;6003;902;204;2;7284;25;18;217;4;5435;217;3016;3;36;5564;1;2;217;4408;2756;3;64;68;4;4;1;3;1;39;1359;1442;18;1;20985;22;3;0;0;10;0;0;0;0;0;0;0;74;0;0;6;0;2;0;0;0;0;0;68;0;0;0;15;4;10;0;0;287;0;0;0;0;0;0;0;0;0;0;0;0;0;0;0;0;0;0;0;0;0;0;0;0;0;0;0;0;0;0;0;0;0;0;0;0;0;0;0;0;0;0;0;0;0;0;0;0;0;0;0;0;0;0;0;0;0;0;0;0;0;0;0;0;0;0;0;0;0;0;0;0;0;0;1;8;0;0;0;0;11954;0;0;0;0;0;0;0;0;5979;0;0;0;0;0;0;0;0;0;0;0;0;0;0;0;0;0;0;0;0;0;0;0;0;0;0;0;0;0;0;0;0;0;0;0;0;0;0;0;0;0;0;0;0;0;0;0;0;0;0;0;0;0;0;0;0;0;0;0;0;558
crysis;0d799c99ca98d2383425dff3ce9cb9cdbcbb9a85;94c8ea0deb405d08c7570a1f93b447cd;8;12;3;12;2;3;1;141;8;23;1729;68;957;3153;60;8;28;12;159;113;22;86;36;9;3;12063;2;0;6033;1094;190;2;7418;11;17;235;5;8603;235;3024;4;5;5470;1;2;235;4766;2996;3;41;68;3;4;1;3;1;39;1480;1562;2;1;23436;6;3;0;0;0;0;6;0;0;0;0;0;2;2;0;0;0;0;0;0;0;0;0;1;0;0;0;0;0;1;0;0;0;0;0;0;0;0;0;0;0;0;0;0;0;0;0;0;0;0;0;0;0;0;0;0;0;0;0;0;0;0;0;0;0;0;0;0;0;0;0;0;0;0;0;0;0;0;0;0;0;0;0;0;0;0;0;0;0;0;0;0;0;0;0;0;0;0;0;0;0;0;0;0;0;0;0;5724;8;0;8;0;0;0;0;0;0;0;0;0;0;0;5;0;0;0;0;0;0;0;0;0;0;5724;0;0;0;0;0;0;0;0;0;0;0;0;0;0;0;0;0;0;0;0;0;0;0;0;0;0;0;0;0;0;0;0;0;0;0;0;0;0;0;0;0;0;0;0;0;0;0;0;0;0
crysis;83fb890c3baf5dbe0ae06621fd363fbbbf219c2c;44ff381ecebea1fe136af55f3200417c;7;0;7;9;1;8;0;83;0;36;0;0;966;67;12;0;0;2;28;9;0;57;3;0;1;8831;2;0;39;863;50;0;119;111;42;0;1;105;0;0;164;1;8672;0;0;0;0;0;0;0;134;35;0;0;0;0;0;0;0;0;0;0;0;0;0;0;1;0;0;0;0;0;0;0;70;0;2;6;0;1;0;0;0;0;0;4;0;0;0;13;3;1;0;0;0;0;0;0;0;0;0;0;0;0;0;0;0;0;0;0;0;0;0;0;0;0;0;0;0;0;0;0;0;0;0;0;0;0;0;0;0;0;0;0;0;0;0;0;0;0;0;0;0;0;0;0;0;0;0;0;0;0;0;0;0;0;0;0;0;0;0;0;0;0;0;0;0;0;0;0;0;1;1;0;0;0;0;1;0;0;0;440;0;0;0;0;0;0;0;0;0;0;0;0;0;0;0;0;0;0;0;0;0;0;0;0;0;0;0;0;0;0;0;0;0;0;0;0;0;0;1;0;0;0;0;0;0;0;0;0;0;0;0;0;0;0;0;0;0;0;0;0;0;0;0;0
crysis;5cb7fe1ba61b4d313bf3c74800b91adf7e6b7770;b4f63dbb03d24833d78459410e8fa381;0;0;0;0;0;0;0;0;0;0;0;0;6;0;4;0;0;0;1;0;0;0;3;3;0;7;0;0;0;1;0;1;0;0;0;1;0;0;0;0;0;1;0;0;0;0;0;0;0;0;0;0;0;0;0;0;0;0;0;0;0;0;0;0;0;0;0;0;0;0;0;0;0;0;0;0;0;0;2;0;0;0;0;0;0;0;0;0;0;0;0;0;0;0;0;0;0;0;0;0;0;0;0;0;0;0;0;0;0;0;0;0;0;0;0;0;0;0;0;0;0;0;0;0;0;0;0;0;0;0;0;0;0;0;0;0;0;0;0;0;0;0;0;0;0;0;0;0;0;0;0;0;0;0;0;0;0;0;0;0;0;0;0;0;0;0;0;0;0;0;0;0;0;0;0;0;0;0;0;0;0;0;0;0;0;0;0;0;0;0;0;0;0;0;0;0;0;0;0;0;0;0;0;0;0;0;0;0;0;1;0;0;0;0;0;0;0;0;0;0;0;0;0;0;0;0;0;0;0;0;0;0;0;0;0;0;0;0;0;0;0;0;0;0;0;0
crysis;e7148877a46a211cfc217cfce448bc076d286458;ebd985782ff3f7c2f27bac65ba237e83;7;15;2;0;5;0;0;40;0;17;0;0;39;0;15;1;0;6;115;7;0;28;7;0;1;97;0;0;0;9;21;1;323379;9;9;0;2;2;0;1;0;297;0;0;3;0;0;0;0;0;0;0;1;0;1;0;0;0;0;0;0;0;0;0;0;0;1;0;0;0;0;0;0;0;17;0;0;0;0;0;0;0;135;0;0;1;0;0;0;0;0;2;0;0;5;0;0;0;0;0;0;0;0;0;0;0;0;0;0;0;0;0;0;0;0;0;0;0;0;0;0;0;0;0;0;0;0;0;0;0;0;0;0;0;0;0;0;0;0;0;0;0;0;0;0;0;0;0;1;0;0;1;6;0;0;0;0;0;0;0;0;0;0;0;0;0;0;0;0;0;0;0;0;0;0;0;0;0;0;0;0;0;0;0;0;0;0;0;0;0;0;0;0;0;0;0;0;0;0;0;0;0;0;0;0;0;0;0;0;0;0;0;0;0;0;0;0;0;0;0;0;0;0;0;0;3;0;0;0;0;0;0;7;0;0;0;0;0;0;0;0;0;0;0;0;0
crysis;b4ea00205b0e611e2fc155d5ded19b22cd6341f3;19e48e72c51e0e652a2b5c75db0ef9bc;0;0;0;1;0;0;0;1;0;0;0;0;5;0;3;0;0;0;1;1;0;0;9;3;0;11;0;0;0;1;0;1;0;0;0;1;0;0;0;0;0;1;0;0;0;0;0;0;0;0;0;0;0;0;0;0;0;0;0;0;0;0;0;0;0;0;0;0;0;0;0;0;0;0;0;0;0;0;2;0;0;0;0;0;0;0;0;0;0;0;0;0;0;0;0;0;0;0;0;0;0;0;0;0;0;0;0;0;0;0;0;0;0;0;0;0;0;0;0;0;0;0;0;0;0;0;0;0;0;0;0;0;0;0;0;0;0;0;0;0;0;0;0;0;0;0;0;0;0;0;0;0;0;0;0;0;0;0;0;0;0;0;0;0;0;0;0;0;0;0;0;0;0;0;0;0;0;0;0;0;0;0;0;0;0;0;0;0;0;0;0;0;0;0;0;0;0;0;0;0;0;0;0;0;0;0;0;0;0;1;0;0;0;0;0;0;0;0;0;0;0;0;0;0;0;0;0;0;0;0;0;0;0;0;0;0;0;0;0;0;0;0;0;0;0;0
sodinokibi;f9d536aee278462bdc9f3e0afe21522077ab4eca;9f5b7a157c9c0477fcd4d54b44eaa5c6;14;31;600;22;1085;12;1;1309;7;38;1537;41;110;0;481;16;170;14;231;304;3;1351;117;12;7;3319;5;2;21;40;170;0;1105;23;25;1;12;7;1;7;4;21;157;6;3;1;0;0;4;18;0;7;16;1;10;1;0;1078;0;14;0;104;22;5;6;2;13;12;8;4;4;4;4;3;1;19;1;6;1;1;1;3;31;1;3;96;3;2;3072;7;4;13;1;2;107;4;2;2;0;0;0;0;0;0;0;0;0;0;0;0;0;0;0;0;0;0;0;0;0;0;0;0;0;0;0;0;0;0;0;0;0;0;0;0;0;0;0;0;0;0;0;0;0;0;0;0;0;0;0;0;0;0;0;0;0;0;0;0;0;0;0;0;0;0;0;0;0;0;0;0;0;0;0;0;0;0;0;0;0;0;0;0;0;0;0;0;0;0;0;0;0;0;0;0;0;0;0;0;0;0;0;0;0;0;0;0;0;0;0;0;0;0;0;0;0;0;0;0;0;0;0;0;0;0;0;0;0;0;0;0;0;0;0;0;0;0;0;0;0;0;0;0;0;0;0;0
sodinokibi;8af7c387cb323c180fd9c4fde99572a0af8fb228;ff6818d770e34c64c37e6a83a7b24be5;16;7;156;48;7490;9;1;413;8;55;3452;58;1273;2345;303;66;32;12;192;210;52;476;226;3;293;4699;1;252;218;617;1256;3;2475;28;48;1;156;3546;1;10;2;640;90;6;0;1;1094;0;1;1108;188;12;349;0;153;9;2212;2;0;1768;1;103;2;29;6;4;23;16;5;0;0;0;20;0;0;0;32;0;156;9;0;9;314;0;2;5;2;16;3128;0;0;22;2;1;183;0;0;0;9;1;1;1;6;8;0;17;0;0;0;1;1;110;3;2;15;19;96;6;281;3;1;1;110;1;1;57;6;1;25;0;6;0;0;0;0;0;0;0;0;0;0;0;0;0;0;0;0;0;0;0;0;0;0;0;0;0;0;0;0;0;0;0;0;0;0;0;0;0;0;0;0;0;0;0;0;0;0;0;0;0;0;0;0;0;0;0;0;0;0;0;0;0;0;0;0;0;0;0;0;0;0;0;0;0;0;0;0;0;0;0;0;0;0;0;0;0;0;0;0;0;0;0;0;0;0;0;0;0;0;0;0;0;0;0;0;0;0;0;0;0;0;0;0;0;0;0
sodinokibi;be5663be7cbd44f70eb7ddaedbce336e764ea103;baf8729cc740e48887b1d82292db2d9d;16;7;156;43;7489;8;1;413;8;55;2829;54;1369;2839;306;54;28;12;192;210;52;476;225;3;293;5452;1;252;218;793;1484;3;2976;28;48;1;157;2869;1;10;2;640;110;7;0;1;1301;0;1;1336;188;12;349;0;153;9;2668;2;0;1764;1;104;2;14;7;4;23;16;5;4;4;4;20;0;0;0;32;0;156;9;0;9;314;0;2;5;2;16;3104;0;0;22;2;1;183;0;0;0;9;1;1;1;6;7;2;2;91;7;4;1;1;110;3;2;15;19;96;5;281;3;1;1;110;1;1;57;6;1;25;6;6;0;0;0;0;0;0;0;0;0;0;0;0;0;0;0;0;0;0;0;0;0;0;0;0;0;0;0;0;0;0;0;0;0;0;0;0;0;0;0;0;0;0;0;0;0;0;0;0;0;0;0;0;0;0;0;0;0;0;0;0;0;0;0;0;0;0;0;0;0;0;0;0;0;0;0;0;0;0;0;0;0;0;0;0;0;0;0;0;0;0;0;0;0;0;0;0;0;0;0;0;0;0;0;0;0;0;0;0;0;0;0;0;0;0;0
sodinokibi;9f8510cee0c696b3c986c619b012acd19db9a7e7;b4070a6d33fd166e115bd0cb2268b7ca;15;7;156;42;7494;9;1;413;8;55;2706;52;1559;3314;429;51;26;12;192;210;52;476;225;3;292;6183;1;252;218;924;1733;3;3467;28;48;1;156;3384;1;10;2;640;106;6;0;1;1566;0;1;1585;188;12;349;0;153;9;3174;2;0;1764;1;105;2;13;6;4;21;16;5;4;4;4;20;0;0;0;32;0;156;9;0;9;314;0;2;5;2;16;3176;0;0;20;2;1;183;0;0;0;9;1;1;1;6;7;2;2;91;7;4;1;1;110;2;2;15;19;96;5;281;3;1;1;110;1;1;57;6;1;25;6;6;0;0;0;0;0;0;0;0;0;0;0;0;0;0;0;0;0;0;0;0;0;0;0;0;0;0;0;0;0;0;0;0;0;0;0;0;0;0;0;0;0;0;0;0;0;0;0;0;0;0;0;0;0;0;0;0;0;0;0;0;0;0;0;0;0;0;0;0;0;0;0;0;0;0;0;0;0;0;0;0;0;0;0;0;0;0;0;0;0;0;0;0;0;0;0;0;0;0;0;0;0;0;0;0;0;0;0;0;0;0;0;0;0;0;0
sodinokibi;6807425e1252f1154664fc8072dde03558ed35fe;a055246b0e804eb3a1dda52937f556ef;16;7;156;46;7488;9;1;413;8;55;2737;52;1366;3032;426;49;26;12;192;210;52;405;225;3;293;5722;1;252;218;727;1574;3;3169;28;48;1;157;3046;1;10;2;640;117;7;0;1;1388;0;1;1426;188;12;349;0;153;9;2848;2;0;1761;1;100;2;12;7;4;21;16;5;4;4;4;20;0;0;0;32;0;156;9;0;9;314;0;2;5;2;16;3144;0;0;20;2;1;183;0;0;0;9;1;1;1;6;7;2;1;91;7;2;1;1;110;2;2;15;19;96;6;281;3;1;1;110;1;1;57;6;1;25;6;6;0;0;0;0;0;0;0;0;0;0;0;0;0;0;0;0;0;0;0;0;0;0;0;0;0;0;0;0;0;0;0;0;0;0;0;0;0;0;0;0;0;0;0;0;0;0;0;0;0;0;0;0;0;0;0;0;0;0;0;0;0;0;0;0;0;0;0;0;0;0;0;0;0;0;0;0;0;0;0;0;0;0;0;0;0;0;0;0;0;0;0;0;0;0;0;0;0;0;0;0;0;0;0;0;0;0;0;0;0;0;0;0;0;0;0
grandcrab;ca8aa1b02400b61f97e7a278ad9eea20ff09fa5f;a09bcecd701546fdb830b51c020665ec;4;6;2;4;0;0;0;194;2;9;1;16;60;0;51;2240;1;5;70;14;0;149;3;3;0;249;0;0;12;43;62;0;4;6;6;2;14;1;2;0;1;52;0;1;0;0;0;0;0;3;0;0;13;3;13;1;0;0;0;0;1;202;0;0;1;1;0;8;8;0;0;0;0;0;0;0;1;0;0;6;0;0;8;0;1;0;0;0;0;0;0;0;0;0;12;0;0;0;0;0;0;0;0;0;0;0;2;0;0;0;0;0;0;0;0;0;0;3;0;0;0;0;0;0;0;0;0;0;0;0;0;2;1;1;4;1;1;1;4;1;3;1;2;0;0;0;0;0;0;0;0;0;0;0;0;0;0;0;0;0;0;0;0;0;0;0;0;0;0;0;0;0;0;0;0;0;0;0;0;0;0;0;0;0;0;0;0;0;0;0;0;0;0;0;0;0;0;0;0;0;0;0;0;0;0;0;0;0;0;0;0;0;0;0;0;0;0;0;0;0;0;0;0;0;0;0;0;0;0;0;0;0;0;0;0;0;0;0;0;0;0;0;0;0;0;0
grandcrab;5c2409eb712d6c9a78fedef799b9e373fcd401ff;7891ed9845485ed6c4c966a84eebb95f;0;0;0;0;0;0;0;0;0;0;0;0;5;0;4;0;0;0;1;0;0;0;3;3;0;7;0;0;0;1;0;1;0;0;0;1;0;0;0;0;0;1;0;0;0;0;0;0;0;0;0;0;0;0;0;0;0;0;0;0;0;0;0;0;0;0;0;0;0;0;0;0;0;0;0;0;0;0;2;0;0;0;0;0;0;0;0;0;0;0;0;0;0;0;0;0;0;0;0;0;0;0;0;0;0;0;0;0;0;0;0;0;0;0;0;0;0;0;0;0;0;0;0;0;0;0;0;0;0;0;0;0;0;0;0;0;0;0;0;0;0;0;0;0;0;0;0;0;0;0;0;0;0;0;0;0;0;0;0;0;0;0;0;0;0;0;0;0;0;0;0;0;0;0;0;0;0;0;0;0;0;0;0;0;0;0;0;0;0;0;0;0;0;0;0;0;0;0;0;0;0;0;0;0;0;0;0;0;0;1;0;0;0;0;0;0;0;0;0;0;0;0;0;0;0;0;0;0;0;0;0;0;0;0;0;0;0;0;0;0;0;0;0;0;0;0
grandcrab;eef5300b4c40e37c662f4216b204969df3b516fe;844a0437cc6965d482fd7d0f9e0fcb02;0;8;0;0;0;1;0;3;0;8;1;9331;69;0;102;0;1;1;28;3;0;2;17;0;0;9369;0;0;0;3;18;2;1;0;0;0;0;0;0;0;0;3;0;0;0;0;0;0;0;0;0;0;0;0;0;0;0;0;0;0;0;0;0;0;0;1;0;0;0;0;0;0;1;0;0;0;0;0;0;0;0;0;0;0;0;0;0;0;0;0;0;0;0;0;0;0;0;0;0;0;0;0;0;0;0;0;0;0;0;0;0;0;0;0;0;0;0;0;0;0;0;0;0;0;0;0;0;0;0;0;0;0;0;0;0;0;0;0;0;0;0;0;0;0;0;0;0;0;0;0;0;0;0;0;0;0;0;0;0;0;0;0;0;0;0;0;0;0;0;0;0;0;0;0;0;0;0;0;0;0;0;0;0;0;0;0;0;0;0;0;0;0;0;0;0;0;0;0;0;0;0;0;0;0;0;0;0;0;0;0;0;0;0;0;0;0;0;0;0;0;0;0;0;0;0;0;0;0;0;0;0;0;0;0;0;0;1;0;0;0;0;0;0;0;0;0
lockergoga;b5fd5c913de8cbb8565d3c7c67c0fbaa4090122b;e11502659f6b5c5bd9f78f534bc38fea;30;24;0;68;46;0;95;248;12;45;1;72;3877;1111;223;385;1;371;163;368;219;64;222;81;185;5932;2;1291;7620;2860;385;24;218;9;23;0;3337;1249;0;8;29;558;1198;925;17;185;0;0;29;190;0;1;51;1;1514;0;192;0;185;0;19;0;58;28;3320;1;17;0;0;0;0;0;1818;0;185;0;0;0;0;0;0;0;0;0;0;40;0;0;0;0;0;19;0;0;0;17;0;7;185;0;0;0;0;0;0;0;0;10;0;0;0;0;0;0;20;223;0;0;0;815;0;0;0;0;0;0;163;0;0;2;0;0;0;0;0;0;0;0;0;0;0;0;0;1818;815;185;5;0;0;0;0;0;0;0;0;0;0;0;0;0;0;0;0;0;0;0;0;0;0;0;0;0;0;0;0;0;0;0;0;0;0;0;0;0;0;0;0;0;0;0;0;0;0;0;0;0;0;0;0;0;0;0;0;0;0;0;0;0;0;0;0;0;0;0;0;0;0;0;0;0;0;0;0;0;0;0;0;0;0;0;0;0;0;0;0;0;0;0;0;0;0;0;0;0;0;0
matrix;afebf9d72ba7186afefebf4deda87675621b0b8b;76b640aa00354e46b29ca7ac2adfd732;233;33;149;76;12463;5;7;1253;13;125;1777;836;1211;2263;285;170;104;14;420;1105;271;604;229;81;300;8248;11668;267;486;374;1337;8;1431;44;103;0;180;2076;0;15;31;700;2309;9;3;0;39;0;34;1000;5411;15;399;13;186;12;974;4;1;1771;6;0;60;122;0;3;20;33;36;0;0;0;580;0;0;0;36;0;183;13;0;0;284;0;1;1;0;17;0;0;0;19;2;0;179;139;0;14;12;1;1;10;6;8;2;2;100;94;4;1;1;119;5;0;15;19;96;6;409;3;1;1;119;1;1;81;6;1;35;318;6;8;0;0;0;0;0;0;6;6;0;6;0;0;0;0;0;6;23;1;1;23;23;3;3;1;1;253;3;2;1;0;0;0;0;0;0;0;0;0;0;0;0;0;0;0;0;0;0;0;0;0;0;0;0;0;0;0;0;0;0;0;0;0;0;0;0;0;0;0;0;0;0;0;0;0;0;0;0;0;0;0;0;0;0;0;0;0;0;0;0;0;0;0;0;0;0;0;0;0;0;0;0;0;0;0;14;0;0;0;0;0;0;0;0;0
matrix;c622ebf694003368c3246e166a3a7bfc6b787652;383497fda5ca670a06dc688443c2011b;30;57;0;51;2;0;0;1030;26;135;67;882;960;2247;386;59;70;3;543;2352;145;174;132;138;0;5795;0;0;756;586;207;2;888;89;106;0;0;1404;0;1;55;37;2826;0;2;0;0;0;68;67;10402;2;12;14;0;13;0;0;626;0;3;0;110;125;0;2;0;1;2;0;0;0;13;0;0;0;0;0;0;0;0;0;0;0;0;0;0;0;0;0;750;0;0;0;0;17;0;7;0;0;0;39;0;0;0;0;0;105;0;0;0;0;0;0;0;0;0;1;0;0;0;0;0;0;0;0;0;1;0;0;0;0;0;0;0;0;0;0;0;0;0;0;0;0;0;0;0;12;38;1;1;38;38;12;0;0;0;253;0;0;0;1;0;0;0;0;0;0;0;0;0;0;0;0;0;0;0;0;0;0;0;0;0;0;0;0;0;0;0;0;0;0;0;0;0;0;0;0;0;0;0;0;0;0;0;0;0;0;0;0;0;0;0;0;0;0;0;0;0;0;0;0;0;0;0;0;0;0;0;0;0;0;0;0;0;0;34;0;0;0;0;0;0;0;0;0
matrix;65e9763d3a887229b3fb0295dcd972b734c66b2c;60154e2cfe05be9e77e9e18087a3f55f;18;50;55;44;31;1;0;981;2;120;2;1;324;209;335;17;0;17;506;202;22;237;84;33;2;1724;0;0;174;129;157;3;81;61;85;0;1509;415;0;2;13;12;16;402;8;0;0;25;11;59;236;35;645;0;0;0;22;3;0;0;0;0;22;11;553;55;15;13;12;0;0;0;11;1;265;0;18;0;33;13;0;1;183;10;0;41;8;1;0;1;0;6;0;0;8;0;0;14;0;0;0;0;0;0;1;0;0;0;0;14;0;0;0;0;0;0;0;0;0;0;3;0;0;0;0;0;0;0;0;0;0;0;0;0;0;0;0;0;0;0;0;0;0;0;0;0;0;0;7;2;2;7;0;0;0;0;0;0;0;0;0;0;54;41;28;1;475;2;11;1;90;22;364;1;47;98;3;424;18;52;29;1;1;1;1;3;2;1;1;0;0;0;0;0;0;0;0;0;0;0;0;0;0;0;0;0;0;0;0;0;0;0;0;0;0;0;0;0;0;0;0;0;0;0;0;0;0;0;0;0;0;0;0;0;0;0;2;0;0;0;0;0;0;0;0;0
matrix;048ae4691fe267e7c8d9eda5361663593747142a;907636b28d162f7110b067a8178fa38c;13;8;149;26;2591;6;1;366;7;53;758;151;504;267;128;47;86;13;178;252;34;387;127;6;277;3074;0;104;133;59;64;2;86;20;43;0;120;100;0;5;5;594;2023;0;2;0;5;0;4;5;4;14;312;2;113;7;1;2;1;1764;3;0;8;85;0;2;18;16;6;0;0;0;20;0;0;0;29;0;139;3;0;0;284;0;1;1;0;8;0;0;0;18;1;0;179;1;0;7;6;0;1;1;6;5;2;5;82;83;10;1;1;101;0;0;14;19;96;6;89;3;1;1;101;1;1;21;6;1;10;3;6;0;0;0;0;0;0;0;0;0;0;3;0;0;0;0;0;6;12;1;1;12;12;0;0;0;1;253;0;0;0;0;0;0;0;0;0;0;0;0;0;0;0;0;0;0;0;0;0;0;0;0;0;0;0;0;0;0;0;4;0;0;0;0;0;0;0;0;0;0;0;0;0;0;0;0;0;0;0;0;0;0;0;0;0;0;0;0;0;0;0;0;0;0;0;0;0;0;0;0;0;0;0;0;0;0;2;0;0;0;0;0;0;0;0;0
matrix;d6c23371f6784f20b8f7052d6b69add87db0ecfb;e477358e4fa411d0d426767a02d5a787;3;3;2;28;2;0;0;154;2;9;19;86;13;0;19;0;0;2;74;17;0;232;27;1;0;360;0;0;2;4;5;0;37;9;6;0;1;0;0;0;1;1436;0;0;3;0;0;0;1;0;0;1;0;3;0;0;0;0;0;0;2;0;2;1;0;0;0;12;8;0;0;0;0;0;0;0;0;0;0;0;0;0;8;0;0;0;0;0;0;0;0;0;0;0;85;0;0;0;0;0;0;0;0;0;0;0;0;0;0;0;0;7;2;0;0;0;0;7;0;0;0;0;7;0;0;0;0;0;0;0;0;2;0;0;108;0;0;0;39;1;3;36;0;0;0;0;0;0;0;0;0;0;0;0;0;0;0;0;0;0;0;0;0;0;6;0;0;0;0;0;0;0;4;0;0;0;0;0;0;0;0;0;0;0;0;0;0;0;0;0;36;36;36;6;36;108;18;36;126;6;0;0;0;0;0;0;0;0;0;0;0;0;0;0;0;0;0;0;0;0;0;0;0;0;0;0;0;0;0;0;0;0;0;0;0;0;0;0;0;0;0;0;0;0;0;0
Samsam;14dbbec0f330df10baa423ad89e92c8345e9d70a;d51e9eb26afb97ff2bb43cebe75210f6;6;16;13;27;6;7;0;146;0;26;16;1;53;0;332;2;2;5;166;43;6;114;43;6;6;377;3;0;2;35;31;0;18;13;20;0;21;1;0;1;1;0;3;0;3;0;0;0;1;0;0;4;28;0;17;0;0;0;0;0;0;0;2;1;0;1;3;0;0;0;0;0;1;0;132;0;4;6;2;0;1;0;135;0;0;6;0;1;0;0;3;4;1;0;5;0;0;0;0;0;0;0;1;0;1;0;0;0;0;0;0;0;0;0;0;0;5;0;0;1;0;0;0;0;0;0;2;0;0;0;0;0;0;0;0;0;0;0;0;0;0;0;0;0;0;0;0;0;0;0;0;0;0;0;0;0;0;0;0;0;0;0;0;44;0;0;0;0;0;0;0;0;0;0;1;0;0;0;0;0;0;0;0;0;0;0;0;0;0;0;0;0;0;0;0;0;0;0;0;0;1;8;0;0;0;0;0;0;0;0;0;0;0;0;0;0;0;0;0;0;0;0;0;0;0;0;0;0;0;0;0;0;0;0;0;0;0;0;0;0;0;0;0;0;0;0
Samsam;4a042e44f962ad03e62494e676e377710532b7e4;d8469e625ae90ab64d4aef0b63f42150;5;0;0;3;42;4;0;18;1;6;0;5;91;3;334;4;2;3;49;21;9;12;38;1;0;69;1;2;4;44;18;1;17;3;6;0;23;6;0;0;0;0;4;0;0;0;0;0;0;0;0;0;32;0;28;1;0;0;0;0;0;0;0;2;0;0;0;0;0;0;0;0;6;0;0;0;3;0;6;0;0;0;0;0;0;0;0;1;0;0;0;0;0;0;0;0;0;0;0;0;0;0;1;4;1;0;0;7;0;0;0;0;0;0;0;0;57;0;0;3;0;1;0;0;1;0;2;0;0;0;1;0;0;0;0;0;0;0;0;0;0;0;0;0;0;0;0;0;0;0;0;0;0;0;0;0;0;0;0;0;0;0;0;0;0;0;0;0;0;0;0;0;0;0;0;0;0;0;0;0;0;0;0;0;0;0;0;0;0;0;0;0;0;0;0;0;0;0;0;0;0;0;0;0;0;0;0;0;0;0;0;0;0;0;0;0;0;0;0;0;0;0;0;0;0;0;0;0;0;0;0;0;0;0;0;0;0;0;0;0;0;0;0;0;0;0
Samsam;3e140a5df3161ff5d3935b1139275e07903cfff5;f297544a20bda66ee6f98e3dc91060c6;1;16;6;28;6;1;0;69;0;26;21;1;56;0;339;4;2;5;158;37;6;58;41;6;6;279;1;0;2;37;31;0;18;13;20;0;21;1;0;1;1;0;3;0;3;0;0;0;1;0;0;4;28;0;17;0;0;0;0;0;0;0;2;1;0;1;3;0;0;0;0;0;1;0;186;0;4;0;2;0;0;0;135;0;0;5;0;1;0;0;0;3;1;0;5;0;0;0;0;0;0;0;1;0;1;0;0;0;0;0;0;0;0;0;0;0;5;0;0;1;0;0;0;0;0;0;2;0;0;0;0;0;0;0;0;0;0;0;0;0;0;0;0;0;0;0;0;0;0;0;0;0;0;0;0;0;0;0;0;0;0;0;0;22;0;0;0;0;0;0;0;0;0;0;2;0;0;0;0;0;0;0;0;0;0;0;0;0;0;0;0;0;0;0;0;0;0;0;0;0;1;8;0;0;0;0;0;0;0;0;0;0;0;0;0;0;0;0;0;0;0;0;0;0;0;0;0;0;0;0;0;0;0;0;0;0;2;0;0;0;0;0;0;0;0;0
Samsam;7b7318b1c25477ea5d63dc8c563cd36fdbca8055;f161be29868df913405338499a6ee675;1;16;6;28;6;1;0;69;0;26;19;1;57;0;339;4;2;5;158;37;6;58;41;6;6;279;1;0;2;42;31;0;18;13;20;0;21;1;0;1;1;0;3;0;3;0;0;0;1;0;0;4;28;0;17;0;0;0;0;0;0;0;2;1;0;1;3;0;0;0;0;0;1;0;186;0;4;0;2;0;0;0;135;0;0;5;0;1;0;0;0;3;1;0;5;0;0;0;0;0;0;0;1;0;1;0;0;0;0;0;0;0;0;0;0;0;5;0;0;1;0;0;0;0;0;0;2;0;0;0;0;0;0;0;0;0;0;0;0;0;0;0;0;0;0;0;0;0;0;0;0;0;0;0;0;0;0;0;0;0;0;0;0;22;0;0;0;0;0;0;0;0;0;0;2;0;0;0;0;0;0;0;0;0;0;0;0;0;0;0;0;0;0;0;0;0;0;0;0;0;1;8;0;0;0;0;0;0;0;0;0;0;0;0;0;0;0;0;0;0;0;0;0;0;0;0;0;0;0;0;0;0;0;0;0;0;2;0;0;0;0;0;0;0;0;0
Samsam;203bb8ec1da6b237a092bab71fa090849c7db9bd;fe998080463665412b65850828bce41f;1;16;6;28;6;1;0;66;0;24;12;1;56;0;339;4;2;5;158;37;0;53;41;6;6;268;1;0;2;37;30;0;17;12;18;0;21;1;0;1;1;0;3;0;3;0;0;0;1;0;0;2;28;0;17;0;0;0;0;0;0;0;2;1;0;1;2;0;0;0;0;0;1;0;186;0;4;0;2;0;0;0;135;0;0;2;0;1;0;0;0;3;1;0;5;0;0;0;0;0;0;0;1;0;1;0;0;0;0;0;0;0;0;0;0;0;5;0;0;1;0;0;0;0;0;0;2;0;0;0;0;0;0;0;0;0;0;0;0;0;0;0;0;0;0;0;0;0;0;0;0;0;0;0;0;0;0;0;0;0;0;0;0;22;0;0;0;0;0;0;0;0;0;0;2;0;0;0;0;0;0;0;0;0;0;0;0;0;0;0;0;0;0;0;0;0;0;0;0;0;1;8;0;0;0;0;0;0;0;0;0;0;0;0;0;0;0;0;0;0;0;0;0;0;0;0;0;0;0;0;0;0;0;0;0;0;2;0;0;0;0;0;0;0;0;0
Ryuk;a364a0ccce5b11b20a792b299a6e72a5f8281585;4bbc891f9ad848cfdf6ecf476d06d06d;6;8;6;16;4;2;0;105;0;95;2462;0;7899;5;164;1;4;2;65;46;2;88;44;3;1;20553;2;0;7;331;19;2;24;2;84;3;22;822;2;0;2;3863;20371;3;0;0;0;0;1;2;3;87;25;0;25;1;10;0;2;0;1;194;6;5;3;0;2;0;0;0;0;0;0;2;0;16;1;6;1;2;0;2;30;0;0;1;1;4;0;0;3;2;1;0;2;0;0;0;0;0;0;0;0;1;2;0;0;0;1;0;0;0;0;0;3;1;0;4;0;0;4;0;0;0;0;0;2;0;0;0;0;0;0;0;0;0;0;0;4;0;6;0;0;0;0;0;0;0;0;0;0;0;0;0;0;0;0;0;0;6;0;0;0;0;0;0;0;0;0;0;0;0;0;0;0;0;0;0;0;0;0;4;0;0;0;0;0;0;0;1;0;0;0;0;0;0;0;0;0;0;0;0;2;4;2;1463;2;2417;1;3;86;2;1;1;1;0;0;0;0;0;0;0;0;0;0;0;0;0;0;0;0;0;0;0;0;0;0;0;0;0;0;0;0;0;0;0
cerber;27d052d16b204713a1e062a32f8d942c8d28541c;e6bee1113834b20eb418ac26b3eb7d9f;11;6;63;9;2;0;0;3110;0;21;0;1;20074;10028;102;1;0;9;91;62;0;851;22;3;0;10884;3;1;55;10030;20;1;10076;3;10;0;0;10161;0;15;3;55;45;0;0;0;0;0;1;10043;16;4;0;0;0;0;10000;1;0;28;0;0;30;1;0;1;24;0;0;0;0;0;11;0;0;0;4;6;1;17;0;0;0;1;0;6;0;14;0;27;4;23;0;0;143;0;0;25;0;0;0;0;0;0;0;0;0;0;0;0;0;0;0;0;6;0;0;0;0;0;0;0;0;0;0;0;0;0;0;0;0;0;0;0;0;0;0;0;0;0;0;0;0;0;0;0;0;0;0;0;0;0;0;0;0;0;0;0;0;0;0;0;0;0;0;0;0;2;1;0;0;13;0;0;0;0;0;0;0;0;0;0;0;0;0;0;0;0;0;0;0;0;0;0;0;0;0;0;0;0;0;0;0;0;0;0;0;0;0;0;0;0;0;0;0;3;10000;1;1;0;0;0;0;0;0;0;0;0;0;0;0;0;0;0;0;0;0;0;0;0;0;0;0;0;0;0
cerber;f1a1048ba8b93de2f5c9c91801fa9003a896c20e;e9d2d3e643fe767bce1cfeada14b0fd4;33;17;130;12;3;1;0;3140;9;57;0;1;45;0;17;1;2;12;122;58;0;922;16;6;1;974;3;3;14;2;17;0;56;5;18;0;0;14;0;14;1;49;5;0;1;2;0;0;1;63;0;0;0;0;0;1;1;2;0;28;0;0;30;2;0;0;25;0;3;1;0;0;35;0;0;0;2;8;0;1;0;0;3;0;2;24;9;0;0;35;5;26;1;0;142;0;0;0;0;0;0;0;0;0;0;0;0;0;0;0;0;0;0;0;1;0;0;0;0;0;0;0;0;0;0;0;0;0;0;0;0;0;0;0;0;0;0;0;0;0;0;0;0;0;0;0;0;0;0;0;0;0;0;0;0;0;0;0;0;0;0;0;0;0;2;0;0;5;0;0;0;0;0;0;0;0;0;0;0;0;0;0;0;0;0;0;0;0;0;0;0;0;0;0;0;0;0;0;0;0;0;0;0;0;0;0;0;0;0;0;0;0;0;0;0;0;0;0;0;0;0;0;0;0;0;0;0;0;0;0;0;0;0;0;0;0;0;0;0;0;0;0;0;0;0;0
cerber;ef551f8040472187355a8cc32bf12cebf896694a;550765422a700413320a17e81c8860fd;33;17;130;12;3;3;0;3140;9;57;0;1;37;0;19;1;2;12;124;58;0;920;14;6;1;944;3;3;14;13;17;0;57;5;18;0;0;14;0;14;1;49;5;0;1;2;0;0;1;63;0;0;0;0;0;1;1;2;0;28;0;0;30;2;0;0;25;0;3;1;0;0;35;0;0;0;2;8;0;1;0;0;3;0;2;24;9;0;0;35;5;26;1;0;142;0;0;0;0;0;0;0;0;0;0;0;0;0;0;0;0;0;0;0;1;0;0;0;0;0;0;0;0;0;0;0;0;0;0;0;0;0;0;0;0;0;0;0;0;0;0;0;0;0;0;0;0;0;0;0;0;0;0;0;0;0;0;0;0;0;0;0;0;0;2;0;0;5;0;0;0;0;0;0;0;0;0;0;0;0;0;0;0;0;0;0;0;0;0;0;0;0;0;0;0;0;0;0;0;0;0;0;0;0;0;0;0;0;0;0;0;0;0;0;0;0;0;1;1;0;0;0;0;0;0;0;0;0;0;0;0;0;0;0;0;0;0;0;0;0;0;0;0;0;0;0
cerber;4a9780d1be951d353a8927e8b37a3119c5443106;167e074fdeab24b1e2a17518a33a4bf2;33;17;130;12;3;3;0;3140;9;57;0;1;43;0;19;1;2;12;6;58;0;920;14;6;1;942;3;3;14;13;17;0;57;5;18;0;0;14;0;14;1;49;5;0;1;2;0;0;1;63;0;0;0;0;0;1;1;2;0;28;0;0;30;2;0;0;25;0;3;1;0;0;35;0;0;0;2;8;0;1;0;0;3;0;2;24;9;0;0;35;5;26;1;0;142;0;0;0;0;0;0;0;0;0;0;0;0;0;0;0;0;0;0;0;1;0;0;0;0;0;0;0;0;0;0;0;0;0;0;0;0;0;0;0;0;0;0;0;0;0;0;0;0;0;0;0;0;0;0;0;0;0;0;0;0;0;0;0;0;0;0;0;0;0;2;0;0;5;0;0;0;0;0;0;0;0;0;0;0;0;0;0;0;0;0;0;0;0;0;0;0;0;0;0;0;0;0;0;0;0;0;0;0;0;0;0;0;0;0;0;0;0;0;0;0;0;0;1;1;0;0;0;0;0;0;0;0;0;0;0;0;0;0;0;0;0;0;0;0;0;0;0;0;0;0;0
cerber;16483854e409fe573272bc611f8ea8b5c7f3ba69;9435886dd6ef292033858763c8dbde78;15;17;304;17;9;0;0;692;4;5768;5;45;185;0;307;5;5;10;186;54;0;1067;35;6;1;14864;128;0;35;38;14;2;5975;9;5755;0;25;4;0;2;17234;600;2335;0;0;0;0;0;1;213;1;1;1;3;0;0;0;5745;0;2;1;0;4;1;1;2;0;8;11;0;0;0;0;0;21;0;2;6;0;7;0;0;149;0;0;5;0;0;0;210;46;1;0;0;88;0;0;0;0;4;0;0;0;1;0;0;0;1;5;0;0;0;2;0;0;2;0;0;0;0;0;0;0;0;4;0;0;0;0;0;0;2;0;0;4;0;0;0;15;1;3;12;0;0;0;0;0;0;0;0;0;0;2;0;0;0;0;0;0;0;0;0;0;0;29;0;0;0;1;0;0;0;0;0;0;0;0;1;0;0;0;0;0;0;1;0;0;0;0;1;2;2;0;0;12;2;1;2;0;0;0;0;0;0;0;0;0;0;0;0;0;0;0;1;1;0;0;0;0;1;1;0;0;0;0;0;0;0;0;0;0;0;0;0;0;0;4;0;0;0;0;0;0;0;0;0
cerber;546e36a4323ad39f07916b05db196ea316c55d3f;22279fe757ad953e3eb1c22291ad2e18;6;1;2;14;2;1;0;23;0;108;3012;0;10318;6;48;0;4;0;24;13;2;26;30;0;1;18624;2;0;1;309;9;1;24;2;104;2;22;31614;2;0;1;4101;18529;3;0;0;0;0;0;2;3;106;25;0;25;1;13;0;2;0;1;210;0;4;3;0;2;0;0;0;0;0;0;2;0;16;1;6;1;2;0;1;0;0;0;1;1;2;0;0;3;2;1;0;2;0;0;0;0;0;0;0;0;1;2;0;0;0;0;0;0;0;0;1;3;1;0;4;0;0;6;0;0;0;0;0;2;0;0;0;0;0;0;0;0;0;0;0;4;0;6;0;0;0;0;0;0;0;0;0;0;0;0;0;0;0;0;0;0;6;0;0;0;0;1;0;0;0;0;0;0;0;0;0;0;0;0;0;0;0;0;4;0;0;0;0;0;0;0;0;0;0;0;0;0;0;0;0;0;0;0;0;2;4;2;1513;2;2479;1;2;90;2;1;0;0;0;0;0;0;0;0;0;0;0;0;0;0;0;0;0;0;0;0;0;0;0;0;0;0;0;0;0;0;0;0;0
cerber;28851f563c04fa498a9bbb4e46c1860633d5cad0;912c363b898330b3148687fc54d0f24b;5;3;2;27;1;0;0;154;2;9;16;87;14;0;24;0;1;4;72;17;0;164;25;1;0;352;0;0;2;2;6;0;35;9;6;0;0;0;0;0;1;1337;0;0;0;0;0;0;1;0;0;1;0;3;0;0;0;0;0;0;2;0;2;1;0;0;0;12;8;0;0;0;0;0;0;0;0;0;0;0;0;0;8;0;0;0;0;0;0;0;0;0;0;0;18;0;0;0;0;0;0;0;0;0;0;0;0;0;0;0;0;7;0;0;0;0;0;7;0;0;0;0;7;0;0;0;0;0;0;0;0;4;0;0;102;0;0;0;37;1;2;34;0;0;0;0;0;0;0;0;0;0;0;0;0;0;0;0;0;0;0;0;0;0;0;0;0;0;0;0;0;0;1;0;0;0;0;0;0;0;0;0;0;0;0;0;0;0;0;4;34;34;34;6;34;102;17;34;0;6;0;0;0;0;0;0;0;0;0;0;0;0;0;0;0;0;0;0;0;0;0;0;0;0;0;0;0;0;0;0;0;0;0;0;0;0;0;0;0;0;0;0;0;0;0;0
Megacortex;6ac78dbc2748ad94892c6f734c801d5532b2a3c1;a16f86f33d13be052f1de7bca9fe9e7c;40;21;70;103;5;15;1;3755;4;63;12;103;123;1233;114;2;0;12;257;124;0;1388;95;6;1;2202;9;2;196;92;37;2;172;21;36;1;99;1733;1;16;2;176;10;12;7;0;0;0;1;58;78;5;89;2;89;5;0;5;4;26;19;40;114;1;4;6;33;3;76;0;0;0;28;0;0;0;2;12;1;58;0;0;4;2;1;11;0;0;0;27;7;32;0;0;278;0;0;7;0;0;0;0;0;0;0;0;0;0;0;0;0;0;1;0;0;0;0;0;0;0;0;0;0;0;0;0;0;0;0;0;0;84;0;0;0;0;0;0;48;2;6;42;0;0;0;0;0;0;2;0;0;2;2;0;0;0;0;1;42;0;0;0;0;0;6;0;6;6;13;0;0;21;14;0;0;0;1;6;0;0;0;0;0;0;0;0;0;0;0;0;0;0;0;0;0;0;0;0;0;0;0;0;0;0;0;0;0;0;0;0;0;0;0;0;0;0;0;0;0;0;2;0;0;0;0;0;0;0;0;0;0;0;0;0;0;0;0;0;0;0;0;0;0;0;0;0
Megacortex;16757f344d331936093ee3e44326b968e767124c;022376cae39baac6bfc79d37201c0905;40;21;71;103;5;15;1;3755;4;63;12;106;142;1235;114;2;0;12;257;124;0;1388;95;6;1;2202;9;2;196;120;37;2;172;21;36;1;99;1734;1;16;2;176;10;12;7;0;0;0;1;58;81;5;89;2;89;5;0;5;4;26;19;40;28;1;4;6;33;3;76;0;0;0;28;0;0;0;2;12;1;58;0;0;4;2;1;11;0;0;0;27;7;32;0;0;278;0;0;7;0;0;0;0;0;0;0;0;0;0;0;0;0;0;1;0;0;0;0;0;0;0;0;0;0;0;0;0;0;0;0;0;0;84;0;0;0;0;0;0;48;2;6;42;0;0;0;0;0;0;2;0;0;2;2;0;0;0;0;1;42;0;0;0;0;0;6;0;6;6;13;0;0;21;14;0;0;0;1;6;0;0;0;0;0;0;0;0;0;0;0;0;0;0;0;0;0;0;0;0;0;0;0;0;0;0;0;0;0;0;0;0;0;0;0;0;0;0;0;0;0;0;2;0;0;0;0;0;0;0;0;0;0;0;0;0;0;0;0;0;0;0;0;0;0;0;0;0
Megacortex;3fdd9b5939fc732f230b242c5f23513a3a63654c;6551606b288aa3a3abc45294a3ca4508;40;19;71;70;8;9;3;3712;4;66;11;76;97;796;83;4;0;11;264;142;0;1359;80;12;1;2171;9;2;151;63;42;1;130;25;39;2;92;959;2;17;4;151;12;8;6;0;0;0;3;66;47;8;82;2;78;3;0;7;5;26;13;138;32;3;4;5;34;3;56;0;0;0;125;0;0;0;2;12;1;58;0;0;4;3;1;10;0;0;0;27;7;32;0;0;278;0;0;14;0;0;0;0;0;0;0;0;0;0;0;0;0;0;1;0;0;0;0;0;0;0;0;0;0;0;0;0;0;0;0;0;0;54;0;0;0;0;0;0;33;2;6;27;0;0;0;0;0;0;2;0;0;2;2;0;0;0;0;1;27;0;0;0;0;0;4;0;8;6;13;0;0;10;4;0;0;0;1;8;0;0;0;0;0;0;0;0;0;0;0;0;0;0;0;0;0;0;0;0;0;0;0;0;0;0;0;0;0;0;0;0;0;0;0;0;0;0;0;0;0;0;1;1;0;0;0;0;0;0;0;0;0;0;0;0;0;0;0;0;0;0;0;0;0;0;0;0
Megacortex;dd82259ad3fc39edf459fa8cebde0fd97d66c632;744c0f2cadea1e5d5e4f7132facf8f0b;40;20;70;58;5;9;1;3686;4;62;2;43;78;1308;62;2;0;11;259;124;0;1352;67;6;1;1890;9;2;137;66;36;2;122;21;35;1;67;1763;1;16;2;147;10;8;5;0;0;0;1;57;60;5;57;2;54;5;0;4;3;26;12;40;28;1;3;5;33;2;50;0;0;0;28;0;0;0;2;12;1;57;0;0;4;2;1;10;0;0;0;27;7;32;0;0;278;0;0;7;0;0;0;0;0;0;0;0;0;0;0;0;0;0;1;0;0;0;0;0;0;0;0;0;0;0;0;0;0;0;0;0;0;48;0;0;0;0;0;0;30;2;6;24;0;0;0;0;0;0;1;0;0;2;2;0;0;0;0;1;24;0;0;0;0;0;6;0;6;6;13;0;0;15;6;0;0;0;1;6;0;0;0;0;0;0;0;0;0;0;0;0;0;0;0;0;0;0;0;0;0;0;0;0;0;0;0;0;0;0;0;0;0;0;0;0;0;0;0;0;0;0;1;0;0;0;0;0;0;0;0;0;0;0;0;0;0;0;0;0;0;0;0;0;0;0;0;0
Cryptowall;79985b10f64bae2f0c8827eaa99772b02d6abb96;3d24ff4d028252b81dde668b9cdfdbe0;114;18;4;27;743;2;0;842;12;347;1;32;614;81;753;126;3;9;230;1277;24;60;434;213;4;2139;0;54;173;84;255;3;411;726;329;3;124;265;3;105;113;16;37;1;2;0;108;0;109;226;101;821;148;1;69;2;6;5;12;102;0;311;218;11;30;0;2;0;0;0;0;0;6;0;37;0;41;0;70;4;0;0;0;1;0;0;0;1;0;0;0;2;1;0;0;3;0;42;3;0;0;0;3;3;1;0;0;6;102;0;0;38;0;0;4;0;57;3;0;3;0;1;116;0;1;0;2;0;0;0;2;0;0;0;0;0;0;4;0;0;0;0;0;0;0;0;0;0;29;0;0;23;0;0;0;0;0;0;0;0;0;8;0;0;8;0;2;0;11;0;2;4;11;0;0;0;3;2;56;0;0;1;0;0;1;0;0;0;0;0;0;0;0;0;0;0;0;0;0;0;0;0;0;0;0;0;0;0;0;0;0;0;0;2;18;0;1;0;0;2;0;0;1;0;0;0;0;0;0;0;0;0;0;0;0;0;1;0;0;0;0;0;0;0;0;0
Cryptowall;ba127b05543de7c093d8e9d1f05b28fac7f29c76;58e1e0b122490dd5bf4a81776772b33c;26;46;315;33;12;17;3;979;13;323;537;29;2833;1236;107;1042;7;24;270;137;3;959;32;14;5;53133;6;2;18;532;317;4;371;21;287;1;6;4733;1;8;4;395;38;5;4;0;0;0;4;315;319;276;4;1;1;0;301;2;0;14;1;105;22;5;6;0;13;8;12;0;0;0;51092;2;3;0;299;12;0;1;0;0;9;1;2;33;1;0;0;7;7;22;1;0;45;2;0;7;0;0;0;0;0;0;1;0;0;0;2;1;0;0;0;0;18;0;0;2;0;0;0;0;0;0;0;0;0;0;0;0;0;2;0;0;10;0;0;0;8;1;3;5;1;0;0;0;0;0;0;0;0;0;0;0;0;0;0;0;0;0;0;1;0;0;0;0;0;0;0;0;0;0;0;0;0;0;0;0;0;0;0;1;0;0;0;0;0;0;0;0;4;4;0;0;4;0;0;1;0;0;0;0;1;0;0;0;0;1254;0;1;43;0;0;2;12;0;0;0;0;0;2;0;0;1;0;0;0;0;0;0;0;0;0;0;0;0;0;0;0;0;0;0;0;0;0;0
Cryptowall;6ba8a1e09ed47df70d100acc92e6864e8a014a27;814a5345117ec705138acb77b72f75e2;33;26;128;11;5;5;0;3146;10;65;0;1;31;0;120;3;2;17;162;81;0;927;23;6;3;958;4;3;14;9;20;0;56;5;17;2;0;14;2;14;1;49;5;0;1;2;0;0;1;63;0;0;0;0;0;1;1;2;0;28;0;192;30;2;0;0;25;0;3;2;0;0;35;0;0;0;2;8;0;1;0;0;3;0;2;0;9;0;0;35;5;25;1;0;142;0;0;0;0;0;0;0;0;0;0;0;0;0;0;0;0;0;0;0;1;0;0;0;0;0;0;0;0;0;0;0;0;0;0;0;0;0;0;0;0;0;0;0;0;0;0;0;0;0;0;0;0;0;0;0;0;0;0;0;0;0;0;0;0;0;0;0;0;0;0;0;0;5;0;0;0;0;0;0;0;0;0;0;0;0;0;0;0;0;0;0;0;0;0;0;0;0;0;0;0;0;0;0;0;0;0;0;0;0;0;0;0;0;0;0;0;0;0;0;0;0;0;1;1;0;0;0;0;0;0;0;0;0;0;0;0;0;0;0;0;0;0;0;0;0;0;0;0;0;0;0
Cryptowall;970469c090e3cb30ef0436ff1cc8f08cccc8d435;dfbc68a876605b87a126ce64d3754738;33;26;128;11;5;3;0;3146;10;65;0;1;31;0;120;3;2;17;162;81;0;929;23;6;3;958;4;3;14;8;20;0;56;5;17;2;0;14;2;14;1;49;5;0;1;2;0;0;1;63;0;0;0;0;0;1;1;2;0;28;0;197;30;2;0;0;25;0;3;2;0;0;35;0;0;0;2;8;0;1;0;0;3;0;2;23;9;0;0;35;5;25;1;0;142;0;0;0;0;0;0;0;0;0;0;0;0;0;0;0;0;0;0;0;1;0;0;0;0;0;0;0;0;0;0;0;0;0;0;0;0;0;0;0;0;0;0;0;0;0;0;0;0;0;0;0;0;0;0;0;0;0;0;0;0;0;0;0;0;0;0;0;0;0;0;0;0;5;0;0;0;0;0;0;0;0;0;0;0;0;0;0;0;0;0;0;0;0;0;0;0;0;0;0;0;0;0;0;0;0;0;0;0;0;0;0;0;0;0;0;0;0;0;0;0;0;0;1;1;0;0;0;0;0;0;0;0;0;0;0;0;0;0;0;0;0;0;0;0;0;0;0;0;0;0;0
Cryptowall;c83b547d768772cb46dd7d0209b7b91a886f46b1;80c958ac83820b4aa7ab611c7ae2f520;0;0;0;0;0;0;0;5;0;0;0;0;3;0;0;0;0;0;0;1;0;5;0;0;0;20;0;0;0;0;1;0;1;0;0;0;0;0;0;0;0;0;0;0;0;0;0;0;0;0;0;0;0;0;0;0;0;0;0;0;0;0;0;0;0;0;0;0;15;0;0;0;0;0;0;0;0;0;0;0;0;0;0;0;0;0;0;0;0;0;0;0;0;0;0;0;0;0;0;0;0;0;0;0;0;0;0;0;0;0;0;0;0;0;0;0;0;0;0;0;0;0;0;0;0;0;0;0;0;0;0;0;0;0;0;0;0;0;0;0;0;0;0;0;0;0;0;0;0;0;0;0;0;0;0;0;0;0;0;0;0;0;0;0;0;0;0;0;0;0;1;0;0;0;0;0;0;0;0;0;0;0;0;0;0;0;0;0;0;0;0;0;0;0;0;0;0;0;0;0;0;0;0;0;0;0;0;0;0;0;0;0;0;0;0;0;0;0;0;1;0;0;0;0;0;0;0;0;0;0;0;0;0;0;0;0;0;0;0;0;0;0;0;0;0;0
wannacry;60419b5b85ee6358edad3dfb283ce7ca91e619ba;e50abf7b3bcde25b111b1ceb086deff9;3;4;0;2;0;0;1;14;1;7;16;1;79;1;77;2;0;2;37;21;0;55;1045;3;0;132;0;0;283;65;14;0;6;5;2;3;11;3;3;0;1;2;17;0;0;0;0;0;1;1;1;1;0;0;0;3;1;3;2;0;1;117;2;1;0;7;0;0;2;0;0;0;2;0;4;0;3;0;1;1;0;0;0;0;6;0;0;0;0;0;0;0;0;0;10;0;0;0;0;0;0;0;0;0;0;0;0;0;1;0;0;1;0;0;79;0;0;35;0;0;0;0;1;0;0;0;0;0;0;3;0;0;0;0;0;0;0;0;0;0;0;0;0;0;0;0;0;16;37;0;0;37;37;0;0;0;0;0;0;0;0;0;0;0;1;0;0;0;0;0;0;0;4;0;0;96;0;0;0;0;0;0;0;0;0;0;0;0;0;0;0;0;0;0;0;0;0;0;0;0;0;0;0;0;0;0;0;0;0;0;0;0;0;1;4;0;17;0;0;0;0;0;0;0;3;0;0;0;0;0;0;0;0;0;0;0;1;0;0;0;0;0;0;0;0;0
wannacry;b2d755744c38966742a9143eb6cd61df71c1e621;098ab7c00d1548a5dd6047bfdc9885fb;8;20;61;8;2;0;1;3125;1;250;0;0;56;1;169;7;1;10;180;223;0;808;22;0;1;1397;2;1;88;12;180;0;261;185;242;0;1;257;0;14;1;41;5;0;5;0;0;0;0;84;4;229;0;0;0;0;0;2;0;275831;0;0;26;0;0;0;20;0;0;0;0;0;183;1;1015;0;2;6;1;8;0;0;135;1;0;7;0;0;0;7;4;20;0;4;146;0;0;0;0;0;0;0;0;0;0;0;0;0;0;83;0;0;0;0;0;0;0;0;0;0;0;0;0;0;0;0;0;0;0;0;0;0;0;0;0;0;0;0;0;0;0;0;0;0;0;0;0;0;0;0;0;0;0;0;0;0;0;0;0;0;0;0;0;21;1;0;0;0;0;0;2;0;2;0;78;0;0;0;0;0;0;0;0;0;3;0;0;0;0;0;0;0;0;0;0;0;0;0;0;0;0;0;0;0;0;0;0;0;0;0;0;0;0;0;0;0;0;0;0;0;0;0;0;0;0;1;0;0;0;0;0;0;0;0;0;0;0;0;0;0;0;0;0;0;0;0
wannacry;757a1e654ad8c34367b26c6955a0325f574d4df0;2e1355275b3f0e9d399b64a719187a6d;0;1;0;4;0;0;0;10;0;5;0;3;18;1;12;0;0;0;9;14;3;7;9;6;0;14;0;0;0;7;2;2;5;0;4;0;0;0;0;0;1;0;0;0;0;0;0;0;1;0;0;1;0;0;0;0;0;0;0;0;0;0;2;1;0;0;0;0;0;0;0;0;0;0;0;0;0;0;0;0;0;0;0;0;2;23;9;0;0;35;0;0;0;0;0;0;0;0;0;0;0;0;0;0;0;0;0;0;1;0;0;0;0;0;0;3;0;0;0;0;0;0;0;0;0;0;0;0;0;0;0;0;0;0;0;0;0;0;0;0;0;0;0;0;0;0;0;0;1;0;0;1;0;0;0;0;0;0;0;0;0;0;0;0;0;0;0;0;0;0;0;0;0;0;0;0;0;0;1;0;0;0;0;0;0;0;0;0;0;0;0;0;0;0;0;0;0;0;0;0;0;0;0;0;0;0;0;0;0;0;0;0;0;1;9;0;0;0;0;0;0;0;1;0;0;0;2;0;0;0;0;0;0;0;0;0;0;0;0;0;0;0;0;0;0;0
wannacry;c16e254ec6461fe7ec6fd6b1ca5c4f5b620e7af1;8574a42f08d871c9ece71c960e01afa0;9;7;17;10;605;4;0;168;7;21;0;0;195;15;419;8;3;12;159;48;5;6;243;0;1;238;0;33;61;56;39;2;66;10;14;2;145;33;2;2;3;6;20;0;4;0;8;0;2;10;0;10;177;0;49;1;4;0;5;1;0;216;4;4;0;0;2;0;0;0;0;0;6;0;5;0;20;0;42;1;0;0;30;1;0;0;0;5;0;0;0;3;1;0;2;0;0;14;2;0;0;0;4;4;1;0;0;7;1;0;1;0;0;0;0;0;57;0;0;3;0;1;0;1;1;0;2;0;0;2;3;0;0;0;0;0;0;2;0;0;0;0;0;0;0;0;0;0;15;0;0;12;0;0;0;0;0;0;0;0;0;4;0;0;7;0;16;0;5;0;1;2;9;0;0;4;1;1;29;0;0;1;0;0;1;2;0;0;0;0;0;0;0;0;0;0;0;0;0;0;0;0;0;0;0;0;0;0;0;0;0;0;0;1;9;0;0;0;0;0;0;0;0;0;0;0;0;0;0;0;0;0;0;0;0;0;0;0;0;0;0;0;0;0;0;0
wannacry;4cf82b954a659e198d813164061f5df448fd19dd;d8e5e3bfd18d161757947b40cf2b6783;0;1;0;2;2;0;0;33;0;5;0;0;4;0;14;1;0;0;8;10;1;10;4;3;0;117;0;1;2;3;11;0;3;0;4;0;0;2;0;0;0;1;1;0;0;0;3;0;0;0;0;3;0;0;0;0;0;0;0;0;0;0;0;0;0;0;0;0;0;0;0;0;0;0;0;0;0;0;0;1;0;0;0;0;0;0;0;0;0;0;0;0;0;0;0;0;0;0;0;0;0;0;0;0;0;0;0;0;0;0;0;0;0;0;0;0;0;0;0;0;0;0;0;0;0;0;0;0;0;0;0;0;0;0;0;0;0;0;0;0;0;0;0;0;0;0;0;0;0;0;0;0;0;0;0;0;0;0;0;0;0;0;0;0;0;1;0;0;0;0;0;0;0;0;0;0;0;0;0;0;0;0;0;0;0;0;0;0;0;0;0;0;0;0;0;0;0;0;0;0;0;0;0;0;0;0;0;0;0;0;0;0;0;0;0;0;0;0;0;0;0;0;0;0;0;0;0;0;0;0;0;0;0;0;0;0;0;0;0;0;0;0;0;0;0;0
wannacry;a853bf17ce207d3a897df22e9472f277411adba1;f493c53cd8b5e7f49735814f48d7e815;969;347;13631;837;38;89;0;19467;8;1630;0;121;329;35;92;242;41;1664;568;1449;0;35342;1239;0;92;23670;124;133;140;78;136;0;561;295;660;0;0;4879;0;122;1;10963;59;0;104;0;0;0;0;317;2422;250;0;0;0;0;43;0;0;58;0;0;58;2;0;1;296;348;295;0;0;0;2562;244;41874;10;268;6;0;74;0;0;66;42;2;5752;803;0;35;246;68;318;1;31;1358;34;3;0;0;0;2;39;0;0;0;0;0;0;0;0;0;0;0;0;0;0;0;0;0;0;0;0;0;0;0;0;0;0;0;0;0;0;0;0;0;0;0;0;0;0;0;0;0;0;0;34;0;0;0;0;0;0;0;0;0;0;0;0;0;0;0;0;0;1048;0;65;0;0;0;0;102;0;0;0;6339;0;0;0;0;0;0;0;0;0;0;0;0;0;0;0;0;0;0;0;0;0;0;0;0;0;2;57;0;0;0;0;0;0;0;0;0;0;0;0;0;0;0;0;0;14;0;0;0;0;0;0;0;0;0;0;0;0;0;0;0;0;34;0;14;0;0;0;0;0;0;0
wannacry;d4c4b0eca5413af9f2090534dd996c61e45886f6;4d4b2b428d24433efb9097aa731fa8b2;4;5;6;11;1;0;0;74;0;12;6;28;13;0;61;6;0;6;30;23;0;173;3;0;2;229;0;0;0;14;13;0;7;2;9;0;5;96;0;0;0;0;0;0;0;0;0;0;0;0;120;0;0;0;0;0;0;0;0;0;0;0;0;0;0;2;2;0;0;0;0;0;0;0;0;0;6;0;0;0;0;10;0;0;0;30;3;0;0;0;0;3;0;0;20;0;0;0;0;0;0;0;0;0;0;0;0;0;0;0;0;0;0;0;0;0;0;0;0;0;0;0;0;0;0;0;0;0;0;0;0;0;0;0;0;0;0;0;7;0;0;0;0;0;0;0;0;0;0;0;0;0;0;0;0;0;0;0;0;0;0;0;0;0;3;0;3;0;0;0;0;0;2;0;0;0;0;2;0;0;0;0;0;0;0;0;0;0;0;0;0;0;0;0;0;0;0;0;0;0;0;0;0;0;0;0;0;0;0;0;0;0;0;0;0;0;0;0;0;0;0;0;0;0;0;0;0;0;0;0;0;0;0;0;0;7;0;0;0;0;0;0;0;0;0;0
robinhood;621bafbfa96b72304d241d2190537b50abbbb00e;7caab61bd45b27b4737b873d88aefe82;101;331;301;331;177;19;0;3868;52;446;9;66;962;436;665;61;54;79;6412;225;0;4579;670;6;34;4692;0;4;136;321;200;8;464;157;175;0;2;12;0;4;0;20757;14;0;24;0;0;0;0;66;4;20;0;22;0;0;0;0;0;264;8;0;8;27;0;12;264;45;18;0;0;0;71;1;239;0;10;12;4;66;0;35;549;12;0;206;0;0;0;34;8;287;6;4;77;0;0;0;1;0;11;0;0;8;0;0;0;74;0;0;0;0;9;0;7;0;0;0;0;0;0;0;0;0;0;0;0;0;0;0;0;12;0;0;0;0;0;0;4;4;4;0;0;0;0;0;0;0;0;0;0;0;0;0;0;0;0;0;0;0;0;0;0;0;0;26;0;15;0;0;1;0;0;0;393;0;0;0;0;0;0;0;0;0;0;0;0;4;0;0;0;0;0;0;0;10;0;0;0;8;10;0;0;0;0;0;0;0;0;0;0;0;0;0;0;0;0;0;0;10;0;0;0;0;0;0;0;4;1;0;0;0;0;0;0;0;2;0;0;0;0;0;0;0;0;0
bitpaymer;1cef8f21fb00d841df220b4d1b446b2c4427698c;faa6c08a6d6dc9b526131be9094072ad;0;0;0;1;0;0;0;4;0;0;0;0;11;1;15;0;0;0;6;4;0;0;22;3;0;81;0;0;16;7;2;0;2;4;0;0;2;0;0;0;1;0;6;0;0;0;0;0;0;0;0;1;0;0;0;0;0;0;0;0;0;0;0;0;0;0;11;0;0;0;0;0;0;0;0;0;0;0;1;0;0;0;0;11;0;0;0;0;0;0;0;0;0;0;0;0;0;0;0;0;0;0;0;0;0;0;0;0;0;0;0;0;0;0;0;0;0;0;0;0;0;0;0;0;0;0;0;0;0;0;0;0;0;0;0;0;0;0;0;0;0;0;0;0;0;0;0;0;0;0;0;0;0;0;0;0;0;0;0;0;0;0;0;0;3;0;0;0;0;0;0;0;2;0;0;0;0;0;0;0;0;0;0;0;0;0;0;0;0;0;0;0;0;0;0;0;0;0;0;0;0;0;0;0;0;0;0;0;0;0;0;0;0;0;0;1;0;0;0;0;0;0;0;0;0;0;0;0;0;0;0;0;0;0;0;0;1;0;0;0;0;0;0;0;0;0
bitpaymer;d10f19dcc54d4f60d1cfa6ca5b34f9785d3920ec;ebd74359252a2269d8e55c9304ebb5df;2;0;0;2;0;0;0;44;2;5;5;0;18;0;80;4;0;0;37;58;0;20;35;4;0;40145;2;0;1;4;14;0;6;3;4;0;1;3;0;0;1;0;0;0;1;0;0;0;1;0;3;1;1;0;1;1;0;0;0;0;0;0;2;2;0;0;1;0;0;0;0;0;2;0;4;0;0;0;0;0;0;0;0;1;0;1;0;0;0;0;0;1;0;0;0;0;0;271;0;0;0;0;0;0;0;2;0;0;2;0;0;0;0;0;1;0;0;0;0;0;0;0;0;0;0;0;0;0;0;0;0;0;0;0;0;0;0;0;0;0;0;0;0;0;0;0;0;0;0;0;0;0;0;0;0;0;0;0;0;0;0;0;0;0;0;0;0;0;0;0;2;0;0;0;0;0;0;0;1;0;0;0;0;0;0;0;0;0;0;4;0;0;0;0;0;0;0;0;0;0;0;0;0;0;0;0;0;0;0;0;0;0;0;1;3;1;0;0;0;0;0;0;0;0;0;0;0;0;0;2;0;0;0;0;0;0;4;0;0;0;0;0;0;0;0;0
bitpaymer;6f8257ba0e1e45b8b83f770ff644cd8eaf1745e6;b13ee686c7f4b9e9b354117e9b5e180e;1;0;0;1;0;0;0;8;1;0;0;0;5;0;90;2;0;1;6;8;3;3;28;3;0;131;0;0;0;2;15;0;3;0;0;0;1;0;0;0;0;0;0;0;0;0;0;0;0;0;0;0;1;0;2;1;0;0;0;0;1;0;0;0;1;0;0;0;0;0;0;0;0;0;0;0;0;0;0;0;0;0;0;0;1;0;0;0;0;0;0;0;0;0;0;0;0;0;0;0;0;0;0;0;0;0;0;0;0;0;0;0;0;0;0;0;0;0;0;0;1;0;0;0;0;0;0;1;0;0;0;0;0;0;0;0;0;0;0;0;1;0;0;0;0;0;0;0;0;0;0;0;0;0;0;0;0;0;0;0;0;0;0;0;0;0;0;0;0;0;0;0;0;0;0;0;0;0;0;0;0;0;0;0;0;0;0;0;0;0;0;0;0;0;0;0;0;0;0;0;0;0;0;0;0;0;0;0;0;0;0;0;0;0;0;0;0;0;0;0;0;0;0;0;0;0;0;0;0;0;0;0;0;0;0;0;1;0;0;0;0;0;0;0;0;0
bitpaymer;d5160308f60dd01e2a7c3d63f4fd7f830ebb47a5;51ed897a82058c246a8178eb32dac18a;1;0;0;1;0;0;0;8;1;0;0;0;6;0;90;2;0;1;6;8;3;3;28;3;0;131;0;0;0;2;15;0;3;0;0;0;1;0;0;0;0;0;0;0;0;0;0;0;0;0;0;0;1;0;2;1;0;0;0;0;1;0;0;0;1;0;0;0;0;0;0;0;0;0;0;0;0;0;0;0;0;0;0;0;1;0;0;0;0;0;0;0;0;0;0;0;0;0;0;0;0;0;0;0;0;0;0;0;0;0;0;0;0;0;0;0;0;0;0;0;1;0;0;0;0;0;0;1;0;0;0;0;0;0;0;0;0;0;0;0;1;0;0;0;0;0;0;0;0;0;0;0;0;0;0;0;0;0;0;0;0;0;0;0;0;0;0;0;0;0;0;0;0;0;0;0;0;0;0;0;0;0;0;0;0;0;0;0;0;0;0;0;0;0;0;0;0;0;0;0;0;0;0;0;0;0;0;0;0;0;0;0;0;0;0;0;0;0;0;0;0;0;0;0;0;0;0;0;0;0;0;0;0;0;0;0;2;0;0;0;0;0;0;0;0;0
bitpaymer;585c1baaf43a1577300a74f8b41902dc72d0b9e9;909301a73206de20f6807f95e909c464;6;2;8;13;5;0;0;31;0;13;0;21;48;39;137;0;1;2;55;16;0;119;21;0;0;1965;0;0;1811;17;33;0;42;11;11;1;4;589833;0;0;0;56;1784;0;0;0;0;1;0;1;74;8;11;1;3;0;4;20;29;0;1;41;0;0;0;1;0;8;1;0;0;0;1;0;4;0;0;0;0;0;0;0;9;0;0;0;0;1;0;0;0;1;0;0;12;0;0;0;2;0;0;0;1;0;0;0;0;0;0;0;0;0;1;0;14;0;1;0;0;0;0;0;0;0;0;0;1;0;0;0;1;2;0;0;1;0;0;0;4;5;3;2;0;0;0;0;0;0;0;0;0;0;0;0;0;0;0;0;0;0;0;1;0;0;0;0;0;0;0;0;0;0;1;0;0;0;0;0;0;0;0;0;0;0;0;0;0;0;0;0;0;0;0;0;0;0;0;2;0;3;0;0;0;0;2;0;0;0;0;0;0;2;0;0;0;0;0;0;0;0;0;0;0;0;0;0;0;0;0;0;1;0;0;0;0;0;0;0;0;0;0;0;0;0;0;0
bitpaymer;d8f87851cd7eec693fb73c2c14076010d6e27594;27098a619079ab0ffd2bb7b762cc6b3d;1;0;0;2;0;0;0;11;1;1;0;0;5;0;81;2;0;1;6;9;3;3;29;3;0;143;0;0;0;2;13;0;4;0;1;0;1;0;0;0;0;0;0;0;0;0;0;0;0;0;0;0;1;0;2;1;0;0;0;0;1;0;0;0;1;0;23;0;0;0;0;0;0;0;0;0;0;0;0;0;0;0;0;24;1;0;0;0;0;0;0;0;0;0;0;0;0;0;0;0;0;0;0;0;0;0;0;0;0;0;0;0;0;0;0;0;0;0;0;0;1;0;0;0;0;0;0;1;0;0;0;0;0;0;0;0;0;0;0;0;1;0;0;0;0;0;0;0;0;0;0;0;0;0;0;0;0;0;0;0;0;0;0;0;0;0;0;0;0;0;0;0;0;0;0;0;0;0;0;0;0;0;0;0;0;0;0;0;0;0;0;0;0;0;0;0;0;0;0;0;0;0;0;0;0;0;0;0;0;0;0;0;0;0;0;0;0;0;0;0;0;0;0;0;0;0;0;0;0;0;0;0;0;0;0;0;1;0;0;0;0;0;0;0;0;0
locky;65979259636d8ed5b2748d99fc295456421ef6f2;74efed3afb2ff3db586892dfe0645aac;67;87;145;95;53;13;0;1337;14;168;6;14;651;198;128;18;20;22;3053;75;0;1476;298;0;14;1609;2;2;55;18;123;2;387;46;71;0;0;6;0;2;0;7637;8;0;10;0;0;0;0;32;1;4;0;7;0;0;0;0;0;68;2;0;4;13;0;4;145;12;7;0;0;0;54;0;61;0;4;6;1;17;0;6;153;6;0;129;0;0;0;21;4;163;3;1;25;0;0;0;2;0;8;0;0;2;0;0;0;48;0;0;0;0;6;0;4;0;0;0;0;0;0;0;0;0;0;0;0;0;0;0;0;2;0;0;0;0;0;0;1;1;1;0;0;0;0;0;0;0;0;0;0;0;0;0;0;0;0;0;0;0;0;0;0;0;0;8;0;12;0;0;2;0;0;0;180;0;0;0;0;0;0;0;0;0;2;0;0;0;0;0;0;0;0;0;0;2;0;0;0;2;2;0;0;0;0;0;0;0;0;0;0;0;0;0;0;0;0;0;0;4;0;0;0;0;0;0;0;4;28;0;0;0;0;0;0;0;0;0;0;0;0;0;0;0;0;0
locky;06be9219527c643f99b635faa1637c428fcf7e88;d0cd883ec70b5a55613c9031e5e3f5e8;65;85;143;93;41;13;0;1318;14;158;3;14;559;193;128;18;20;22;3025;74;0;1467;288;0;14;1474;2;2;55;12;123;2;385;46;63;0;0;6;0;2;0;7636;8;0;10;0;0;0;0;32;2;4;0;7;0;0;0;0;0;68;2;0;4;13;0;4;143;12;7;0;0;0;54;0;61;0;4;6;1;17;0;6;153;6;0;123;0;0;0;21;4;161;3;1;25;0;0;0;1;0;8;0;0;2;0;0;0;48;0;0;0;0;3;0;4;0;0;0;0;0;0;0;0;0;0;0;0;0;0;0;0;2;0;0;0;0;0;0;1;1;1;0;0;0;0;0;0;0;0;0;0;0;0;0;0;0;0;0;0;0;0;0;0;0;0;8;0;12;0;0;0;0;0;0;84;0;0;0;0;0;0;0;0;0;2;0;0;0;0;0;0;0;0;0;0;2;0;0;0;2;2;0;0;0;0;0;0;0;0;0;0;0;0;0;0;0;0;0;0;4;0;0;0;0;0;0;0;4;28;0;0;0;0;0;0;0;0;0;0;0;0;0;0;0;0;0
locky;eeff7a278a618125f8d179337f84eb6941568725;60f06a4b1e58bce4a952e80e2e606fe9;67;85;145;95;50;13;0;1318;14;164;5;14;557;193;128;18;20;22;3041;71;0;1476;298;0;14;1484;2;2;40;19;122;2;385;46;69;0;0;6;0;2;0;7637;8;0;10;0;0;0;0;32;1;4;0;7;0;0;0;0;0;68;2;0;4;13;0;4;143;12;7;0;0;0;54;0;61;0;4;6;1;17;0;6;153;6;0;122;0;0;0;21;4;161;3;1;25;0;0;0;2;0;8;0;0;2;0;0;0;48;0;0;0;0;5;0;4;0;0;0;0;0;0;0;0;0;0;0;0;0;0;0;0;2;0;0;0;0;0;0;1;1;1;0;0;0;0;0;0;0;0;0;0;0;0;0;0;0;0;0;0;0;0;0;0;0;0;8;0;12;0;0;0;0;0;0;84;0;0;0;0;0;0;0;0;0;0;0;0;0;0;0;0;0;0;0;0;2;0;0;0;2;2;0;0;0;0;0;0;0;0;0;0;0;0;0;0;0;0;0;0;4;0;0;0;0;0;0;0;4;28;0;0;20;0;0;0;0;0;0;0;0;0;0;0;0;0;0
locky;28d153323e59358cfb35f58a94567208ab61832b;2ac4c308da87976e0da03339e16b810b;180;696;615;5096;342;34;0;12570;108;902;294;141;1854;802;10517;104;112;164;11247;451;0;9624;5716;9;67;17722;8;8;394;545;306;18;555;384;354;0;3;30;0;16;0;40782;31;0;51;0;0;0;0;89;13;29;0;47;0;0;0;0;0;591;18;0;16;46;0;22;410;102;38;0;0;0;126;0;482;0;14;24;9;154;0;79;1213;22;0;323;0;0;0;54;16;452;11;9;143;0;0;0;0;0;18;0;0;18;0;1;0;113;1;0;0;0;23;0;13;0;0;0;0;0;0;0;0;0;0;0;0;0;0;0;0;24;0;0;0;0;0;0;9;9;9;0;0;0;0;0;0;0;0;0;0;0;0;4;0;0;0;0;0;0;0;0;0;0;0;50;0;26;0;0;0;0;0;0;462;0;0;0;0;0;0;0;0;0;8;0;0;6;0;0;0;0;0;0;0;21;0;0;0;18;23;0;0;0;0;0;0;0;0;0;0;0;0;0;0;0;0;0;0;10;0;0;0;0;0;0;0;4;1;0;0;0;0;0;0;0;12;0;0;0;0;0;0;0;0;0
locky;1d5126b23deed3c894b58e2110c6e92964f35fe9;147985ed2fa4f25d3658cc238b45d4a5;2;3;17;30;10962;2;0;97;0;9;487;2474;181;1;27;14;6;6;32;4;5;212;20;3;8;413;0;1;27;25;1;1;10;3;9;0;4;73;0;2;0;7;10;0;0;0;2;0;0;1;69;2;10;0;2;1;0;0;0;0;0;0;0;1;0;0;6;8;2;0;0;0;2;0;0;0;2;0;24;0;0;0;0;0;0;0;0;3;0;0;0;6;0;1;12;150;0;0;0;1;1;1;0;8;1;0;9;0;0;0;1;9;0;0;0;0;0;1;0;0;0;0;9;1;0;0;0;0;0;2;0;0;0;0;0;0;0;0;0;0;0;0;0;0;0;0;0;0;0;0;0;0;0;0;0;0;0;0;0;0;0;0;0;0;0;0;0;0;0;0;0;0;0;0;0;0;0;0;0;0;0;0;0;0;0;0;0;0;0;0;0;0;0;0;0;0;0;0;0;0;0;0;0;0;0;0;0;0;0;0;0;0;0;0;0;0;0;0;0;0;0;0;0;0;0;0;0;0;0;0;0;0;0;0;0;0;0;0;0;0;0;0;0;0;0;0
locky;d6ae6013c91539f9e88ae1e1295d8d02b0b544cf;303aeb4d6579f5d12baf0acbf2f8e3e3;12;7;11;20;2;8;0;1767;3;653;1;34;372;0;25;2;2;40;137;1395;0;262;41;3;1;2476;2;0;636;238;36;1;650;857;648;0;1;4;0;0;0;340;15;0;0;0;0;0;0;12;0;1180;2;1;1;2;0;0;0;0;7;0;0;0;0;1;0;8;8;0;0;0;0;0;1;0;0;6;0;0;0;0;15;0;0;4;0;0;0;0;3;2;0;0;819;0;0;0;0;0;0;0;0;0;0;0;0;0;0;0;0;0;0;0;0;0;0;0;0;0;0;0;0;0;0;0;0;1;0;0;0;4;2;2;6;2;0;0;9;3;5;4;2;0;0;0;0;0;4675;0;0;4675;0;0;0;0;0;0;1;0;0;0;0;0;0;1;0;0;0;0;4;0;0;0;0;0;0;0;0;0;0;0;0;0;0;0;0;0;0;0;0;0;2;0;0;8;0;0;0;2;0;0;0;0;0;0;0;0;0;0;0;0;0;0;0;0;0;0;0;0;1;0;0;0;0;0;0;0;0;0;0;2;4754;0;0;0;1;0;0;0;0;0;0;0;0;0
locky;368f8c4b799965913cfa8706824700d0ed534e41;e9be32680c8dfdb6f060904a73fc0b57;10;5;7;12;1;15;0;1215;0;6;0;0;44;9;34;0;2;2;35;34;0;322;8;3;2;460;2;0;50;14;4;0;6;0;1;0;0;390;0;0;2;49;0;0;0;0;0;0;0;0;29;1;0;0;0;0;0;0;4;0;0;0;0;0;0;3;1;0;0;0;0;0;0;0;0;0;0;6;0;2;0;0;0;0;0;6;0;0;0;0;3;4;0;1;0;0;0;0;0;0;0;0;0;16;0;0;0;0;0;0;0;0;0;0;0;0;0;0;0;0;0;0;0;0;0;0;0;0;0;0;0;0;0;0;0;0;0;0;0;0;0;0;0;0;0;0;0;0;0;0;0;0;0;0;0;0;0;0;0;0;0;0;0;0;0;0;0;0;0;0;0;3;0;0;0;0;0;0;0;0;0;0;0;0;0;0;0;0;0;0;0;0;0;0;0;0;0;0;0;0;0;0;0;0;0;0;0;0;0;0;0;0;0;0;0;0;0;0;0;0;2;0;0;0;0;0;0;0;0;0;0;0;0;0;0;0;0;0;0;0;0;0;0;0;0;0
locky;4ddb2093a0536e7dfd2bd423956f3dbfaedf37df;fc8324e13dfc0bc7bd511bc3b9d02c2b;24;69;989;227;9;23;1;7134;44;127;3;22;1064;2;97;16;8;41;601;181;16;3566;266;3;8;3469;5;8;161;635;277;2;204;78;91;1;14;382;1;28;3;195;61;1;4;0;0;0;1;222;142;51;16;3;7;0;6;0;0;52;2;103;54;4;3;7;57;19;103;0;0;0;118;8;143;0;13;12;29;3;0;3;217;6;2;138;4;130;0;21;8;92;1;2;466;0;0;7;0;0;2;2;6;1;0;1;0;292;0;1;0;1;0;0;0;4;0;0;0;0;5;0;1;0;0;0;0;0;0;0;6;2;0;0;9;0;0;0;6;7;4;3;0;1;0;0;0;0;37;0;0;37;38;0;0;0;0;0;1;0;0;0;0;24;1;3;0;0;1;0;2;1;1;0;13;0;0;0;10;0;0;0;0;0;0;0;0;5;1;0;3;3;0;0;3;0;0;3;0;0;2;0;0;0;3;0;0;0;0;0;0;3;0;0;0;79;0;0;0;5;1;0;2;0;0;0;0;0;0;0;0;0;0;2;3;3;1945;0;0;0;0;0;0;0;0;0
locky;71c60e3816c5083baa9339807f23372ebbe9e6b2;c73ccd58d4f08c56c6325a47f0d5f63c;0;3;0;2;0;0;0;25;0;4;0;43;67;1;34;0;0;4;45;75;11;3;11;6;0;191;0;0;13;42;11;0;15;2;2;10;2;5;10;0;2;2;14;0;0;0;0;0;1;5;24;1;4;1;3;1;0;0;0;0;0;980;2;1;0;0;0;0;0;0;0;0;0;0;0;0;0;0;1;1;0;0;0;0;0;0;0;0;0;0;2;0;0;0;0;1;0;0;0;0;2;1;0;1;0;0;0;0;0;0;0;0;0;0;2;0;0;1;0;0;0;0;0;0;1;0;0;0;0;0;0;0;0;0;0;0;0;0;0;0;0;0;0;0;0;0;0;0;0;0;0;0;0;0;0;0;0;0;0;0;0;0;0;0;0;0;0;0;0;0;0;0;0;0;0;0;0;0;0;0;0;0;0;0;0;0;0;0;0;1;0;0;0;0;0;0;0;0;0;0;0;0;0;0;0;0;0;0;0;0;0;0;0;0;0;0;0;0;0;0;0;0;0;0;0;0;0;0;0;0;0;0;0;0;0;0;0;0;0;0;0;0;0;0;0;0
teslacrypt;7dc65b2d3dc0c5199c0c3b7e7c423734a95a78ed;0cf3183d7a8d16ba19810479a5ce3ee0;0;0;0;0;0;0;0;1;0;0;0;0;20;0;12;0;0;0;0;1;0;0;1;1;0;1;0;0;0;2;0;1;0;0;0;0;0;0;0;0;0;7;0;0;0;0;0;0;0;0;0;0;0;0;0;0;0;0;0;0;0;0;0;0;0;0;0;0;0;0;0;0;0;0;0;0;0;0;0;0;0;0;0;0;0;0;0;0;0;0;0;0;0;0;0;0;0;0;0;0;0;0;0;0;0;0;0;0;0;0;0;0;0;0;0;0;0;0;0;0;1;0;0;0;0;0;0;0;0;0;0;0;0;0;0;0;0;0;0;0;0;0;0;0;0;0;0;0;66;0;0;66;0;0;0;0;0;0;0;0;0;0;0;0;0;0;0;0;0;0;0;0;0;0;0;0;0;0;66;0;0;0;0;0;0;0;0;0;0;0;0;0;0;0;0;0;0;0;0;0;0;0;0;0;0;0;0;0;0;0;0;0;0;0;0;0;0;0;0;0;0;0;0;0;0;0;0;0;0;0;0;0;0;0;0;0;1;1;0;0;0;0;0;0;0;0
teslacrypt;ab94e10047ee84e26263fa4c1528295b3c9ef945;dfb9784c77e51bfb53d018b7b64381ff;0;0;0;0;0;1;0;2;0;0;0;4;6;0;24;0;1;0;2;1;0;1;3;0;0;4;0;0;0;3;3;1;1;13;0;0;0;0;0;0;0;0;0;0;0;0;0;0;0;0;0;0;0;0;0;0;0;0;0;0;0;0;0;0;0;0;0;0;0;0;0;0;0;0;4;0;0;0;0;0;0;0;0;0;0;0;0;0;0;0;0;0;0;0;0;0;0;0;0;0;0;0;0;0;0;0;0;0;0;0;0;0;0;0;0;0;0;0;0;0;0;0;0;0;0;0;0;0;0;0;0;0;0;0;0;0;0;0;0;0;0;0;0;0;0;0;0;0;0;0;0;0;0;0;0;0;0;0;0;0;0;0;0;0;0;1;0;0;0;0;0;0;0;0;0;0;0;0;0;0;0;0;0;0;0;0;0;0;0;0;0;0;0;0;0;0;0;0;0;0;0;0;0;0;0;0;0;0;0;0;0;0;0;0;0;0;0;0;0;0;0;0;0;0;0;0;0;0;0;0;0;0;0;0;0;0;0;0;0;0;0;0;0;0;0;0
petya;993869f834b55daa3c1022bfdad75e8a1e74fdb4;ea1c7f57c71dc0360596e5bbb1bed5d8;0;0;0;3;0;0;0;10;0;1;1;1;10832;4890;6;0;1;0;6;12;3;0;10484;3;0;1164;0;0;247;10543;246;1;423;0;1;4;1;257;4;318;1;0;471;1;0;0;996;0;1;246;1;0;1;0;1;0;246;0;2;0;0;422;2;0;1;0;0;0;0;0;0;0;0;0;0;0;6;0;0;0;0;0;0;0;0;0;0;0;0;0;0;0;0;0;0;0;0;0;0;0;0;0;0;0;0;0;0;0;1;0;0;0;0;0;0;0;0;250;0;0;0;0;0;0;0;0;0;0;0;0;0;0;0;0;0;0;0;0;0;0;0;0;0;0;0;10000;0;0;2;0;0;2;0;0;0;0;0;0;0;0;0;1;0;0;0;0;0;0;0;0;0;0;0;0;0;0;0;0;2;0;0;0;0;0;0;0;0;0;0;1;0;0;0;0;0;0;0;0;0;0;0;0;0;0;0;0;0;0;0;0;0;0;0;1;0;0;0;0;0;0;0;0;0;0;0;0;0;0;0;0;0;0;0;0;0;0;10000;0;0;0;0;0;0;0;0;0
petya;0b99e333c8219fcac25722624f20c6969b62c859;e95f06673bbf1d8e4c67802edbedfed0;3;0;0;1;0;0;2;30;2;1;19;0;123;2;8;283;11;11;23;28;0;16;7;3;0;323;0;0;0;121;32;0;42;0;1;0;0;0;0;0;7;6;0;0;0;0;0;0;1;23;0;1;0;0;0;0;8;0;0;833;0;0;12;4;0;0;0;1;1;0;0;0;43;0;0;0;0;0;3;0;0;0;0;0;6;0;0;0;0;0;0;0;0;0;0;0;0;7;0;1;0;0;0;0;0;3;0;0;3;0;0;0;0;0;0;0;0;0;0;0;0;0;0;0;3;0;0;0;0;0;0;0;0;0;0;0;0;0;0;0;0;0;0;0;0;0;0;0;0;0;0;0;0;0;0;0;0;0;0;0;0;0;0;0;0;0;0;0;0;0;0;0;0;0;0;0;0;0;0;0;0;0;0;0;0;0;0;0;0;0;0;0;0;0;0;0;0;0;0;0;0;0;0;0;0;0;0;0;0;0;0;0;0;0;0;1;0;0;0;0;0;0;0;0;0;0;0;0;0;0;0;0;0;0;0;0;0;0;0;2;0;0;0;0;0;0
petya;2f69a78547ed0a7cb6869c237b50c6ed6c54cd77;3969f76be0d978d81cf587a7e8fab17a;1;0;0;2;0;0;0;12;0;1;2;0;10692;4309;5;0;1;0;5;16;0;0;10480;5;0;941;0;0;226;10546;225;1;364;0;1;4;1;237;4;277;2;0;339;1;0;0;908;0;2;225;1;0;1;0;1;0;225;0;2;0;0;412;4;0;1;0;0;0;0;0;0;0;0;0;0;0;8;0;0;0;0;0;0;0;0;0;0;0;0;0;0;0;0;0;0;0;0;0;0;0;0;0;0;0;0;0;0;0;5;0;0;0;0;0;0;0;0;228;0;0;0;0;0;0;0;0;0;0;0;0;0;0;0;0;0;0;0;0;0;0;0;0;0;0;0;10000;0;0;2;0;0;2;0;0;0;0;0;0;0;0;0;1;0;0;0;0;0;0;0;0;0;0;0;0;0;0;0;0;2;0;0;0;0;0;0;0;0;0;0;2;0;0;0;0;0;0;0;0;0;0;0;0;0;0;0;0;0;0;0;0;0;0;0;1;0;0;0;0;0;0;0;0;0;0;0;0;0;0;0;0;0;0;0;0;0;0;10000;0;0;0;0;0;0;0;0;0
petya;8214a6f9ac0c5c4ad4830b6829f2811a2dcfefe0;0734b966a27e64eaeff718b18e469f6e;0;0;0;0;0;0;0;6;0;1;840;0;587;10375;0;0;1261;0;4;4;0;0;6;0;0;2584;0;0;620;173;619;0;986;0;1;0;1;623;0;782;0;0;1012;1;0;0;2485;0;0;618;1;0;1;0;1;0;618;0;2;0;0;0;0;0;1;0;0;0;0;0;0;0;0;0;0;0;0;0;0;0;0;0;0;0;0;0;0;0;0;0;0;0;0;0;0;0;0;0;0;0;0;0;0;0;0;0;0;0;0;0;0;0;0;0;0;0;0;623;0;0;0;0;0;0;0;0;0;0;0;0;0;0;0;0;0;0;0;0;0;0;0;0;0;0;0;0;0;0;0;0;0;0;0;0;0;0;0;0;0;0;0;1;0;0;0;0;0;0;0;0;0;0;0;0;0;0;0;0;0;0;0;0;0;0;0;0;0;0;0;0;0;0;0;0;0;0;0;0;0;0;0;0;0;0;0;0;0;0;0;0;0;0;0;0;0;0;0;0;0;0;0;0;0;0;0;0;0;0;0;0;0;0;0;0;0;0;0;0;0;0;0;0;0;0;0;0
petya;94fbc509dd0ace7412e3de7285a045e1ed6705e4;3ba82eb89a5ed315733fe8ecb53cafbb;1;4;2;396;1;0;0;29;0;6;23;0;220;2954;66;0;2;1;45;9;0;7;514;1;0;534;0;0;185;62;192;0;246;1;2;0;1;185;0;190;0;0;121;1;0;0;729;0;0;180;1;0;1;0;1;0;180;0;2;0;0;0;0;1;1;0;0;0;0;0;0;0;0;0;8;0;0;0;1027;0;0;0;135;1;0;0;0;0;0;0;0;0;0;0;4;0;0;0;0;0;0;0;0;0;0;0;0;0;1;2;0;0;0;0;0;0;0;184;0;0;0;0;0;0;0;0;0;0;0;0;0;0;0;0;0;0;0;0;0;0;0;0;0;0;0;0;0;0;0;0;0;0;0;0;0;0;0;0;0;0;0;1;0;0;0;0;0;0;0;0;23;0;0;0;0;397;0;0;0;0;0;0;0;0;0;1;0;0;0;0;0;0;0;0;0;0;0;0;0;0;0;0;0;0;0;0;0;0;0;0;0;0;0;1;0;0;0;0;0;0;0;0;0;0;0;0;0;0;0;1;0;0;0;0;0;0;396;0;0;0;0;0;0;0;0;0
bitcoin;87f2c620b3b9374bc7dd1c4cb296bc4fdcd5da25;584c2211a059c4018d2eddf8f669d63d;11;12;0;14;0;0;0;233;22;35;0;73;105;3;43;22;0;1;107;635;25;39;39;55;0;735;0;0;22;36;21;2;14;68;27;0;0;0;0;0;19;2;14;0;0;0;0;0;4;2;0;3;0;1;0;0;3;1;0;0;0;0;36;18;0;0;0;1;0;0;0;0;0;0;6;0;0;0;2;0;0;0;0;1;0;0;0;0;0;0;0;0;0;0;0;22;0;0;0;0;0;0;0;0;0;0;0;0;0;0;0;0;0;0;0;0;0;0;0;0;0;0;0;0;0;0;0;0;0;0;0;0;0;0;0;0;0;0;0;0;0;0;0;0;0;0;0;0;0;0;0;0;0;1;0;0;0;0;0;0;0;0;0;0;0;0;0;0;0;0;1;0;0;0;0;1;0;0;0;0;0;15;0;0;0;2;0;0;0;0;0;0;0;0;0;0;0;0;0;0;0;0;0;0;0;0;0;0;0;0;0;0;0;0;0;0;0;0;0;0;0;0;0;0;0;0;0;0;0;0;0;0;0;0;0;0;2;0;0;0;1;0;0;0;0;0
bitcoin;dec483d7eda04597b71d18f8f827cc5ad5aa9f1d;6451e14201ebb8bde9b7e9140a35701d;14;13;14;9;5;0;1;367;15;22;481707;88;159;1;739;11;13;9;249;171;10;263;71;13;5;654;0;0;33;72;156;2;11;13;13;4;12;1;4;0;5;82;22;0;0;0;0;0;4;144;0;0;0;3;0;0;0;1;4;0;11;378;8;4;0;3;1;8;8;0;0;0;4;0;0;0;1;0;0;7;0;2;38;0;0;3;0;3;0;60;0;0;0;0;14;70;0;0;0;0;0;0;0;0;0;0;0;37;0;2;1;0;0;0;0;0;0;0;0;0;0;0;0;1;0;0;0;7;0;0;0;2;0;0;0;0;0;0;17;1;17;2;0;0;0;0;0;0;1;0;3;1;0;0;0;0;0;0;0;0;0;0;0;0;0;0;0;0;0;0;0;0;14;0;0;0;0;9;1;6;0;0;0;0;0;0;0;0;0;0;0;0;0;0;0;0;0;2;0;0;0;0;0;12;0;0;0;0;0;0;0;0;0;0;0;0;0;0;0;0;0;0;0;0;0;0;0;0;0;0;2;0;0;0;0;0;0;0;0;0;0;294;2;0;0;0
bitcoin;8ebb3291d5f62a52241855e93cc436e78689e7c9;639d4b25cb90fd563e21e466de27e6a1;0;0;0;1;0;0;0;1;0;0;0;0;0;0;12;0;0;3;2;1;0;0;10;3;0;76;0;0;0;0;0;1;0;0;0;0;0;0;0;0;0;1;0;0;0;0;0;0;0;0;0;0;1;0;0;0;0;0;0;0;1;0;0;0;0;0;0;0;0;0;0;0;0;0;0;0;0;0;0;0;0;0;0;0;0;0;0;0;0;0;0;0;0;0;0;0;0;0;0;0;0;0;0;0;0;0;0;0;0;0;0;0;0;0;0;0;0;0;0;0;0;0;0;0;0;0;0;0;0;0;0;0;0;0;0;0;0;0;0;0;0;0;0;0;0;0;0;0;0;0;0;0;0;0;0;0;0;0;0;0;0;0;0;0;0;0;0;0;0;0;0;0;0;0;0;0;0;0;0;0;0;0;0;0;0;0;0;0;0;0;0;0;0;0;0;0;0;0;0;0;0;0;0;0;0;0;0;0;0;0;0;0;0;0;0;0;0;0;0;0;0;0;0;0;0;0;0;0;0;0;0;0;0;0;0;0;0;0;0;0;0;0;0;0;0;0
bitcoin;8ea432907dbbc925a6758000d645def08ca803c3;51222bf525ab0de7ee21d292521f6647;0;0;0;1;0;0;0;1;0;0;0;0;0;0;12;0;0;3;2;1;0;0;10;3;0;76;0;0;0;0;0;1;0;0;0;0;0;0;0;0;0;1;0;0;0;0;0;0;0;0;0;0;1;0;0;0;0;0;0;0;1;0;0;0;0;0;0;0;0;0;0;0;0;0;0;0;0;0;0;0;0;0;0;0;0;0;0;0;0;0;0;0;0;0;0;0;0;0;0;0;0;0;0;0;0;0;0;0;0;0;0;0;0;0;0;0;0;0;0;0;0;0;0;0;0;0;0;0;0;0;0;0;0;0;0;0;0;0;0;0;0;0;0;0;0;0;0;0;0;0;0;0;0;0;0;0;0;0;0;0;0;0;0;0;0;0;0;0;0;0;0;0;0;0;0;0;0;0;0;0;0;0;0;0;0;0;0;0;0;0;0;0;0;0;0;0;0;0;0;0;0;0;0;0;0;0;0;0;0;0;0;0;0;0;0;0;0;0;0;0;0;0;0;0;0;0;0;0;0;0;0;0;0;0;0;0;0;0;0;0;0;0;0;0;0;0
bitcoin;46681233e10d94e7d1b70b99ec2ddbd0f0d102ab;c4366367ec2f8cf035ee6057ddb5e24b;0;0;0;1;0;0;0;1;0;0;0;0;0;0;12;0;0;3;2;1;0;0;10;3;0;76;0;0;0;0;0;1;0;0;0;0;0;0;0;0;0;1;0;0;0;0;0;0;0;0;0;0;1;0;0;0;0;0;0;0;1;0;0;0;0;0;0;0;0;0;0;0;0;0;0;0;0;0;0;0;0;0;0;0;0;0;0;0;0;0;0;0;0;0;0;0;0;0;0;0;0;0;0;0;0;0;0;0;0;0;0;0;0;0;0;0;0;0;0;0;0;0;0;0;0;0;0;0;0;0;0;0;0;0;0;0;0;0;0;0;0;0;0;0;0;0;0;0;0;0;0;0;0;0;0;0;0;0;0;0;0;0;0;0;0;0;0;0;0;0;0;0;0;0;0;0;0;0;0;0;0;0;0;0;0;0;0;0;0;0;0;0;0;0;0;0;0;0;0;0;0;0;0;0;0;0;0;0;0;0;0;0;0;0;0;0;0;0;0;0;0;0;0;0;0;0;0;0;0;0;0;0;0;0;0;0;0;0;0;0;0;0;0;0;0;0
cryptojoker;d6576499d19b1cfd9a10d1fcff583d142e564ed2;4540175bcec2b3d8c064d46bdc2cd44f;6;16;13;27;6;7;0;146;0;26;17;1;71;0;332;2;2;5;166;43;0;114;43;6;6;377;3;0;2;40;31;0;18;13;20;0;21;1;0;1;1;0;3;0;3;0;0;0;1;0;0;4;28;0;17;0;0;0;0;0;0;0;2;1;0;1;3;0;0;0;0;0;1;0;132;0;4;6;2;0;0;0;135;0;0;6;0;1;0;0;3;4;1;0;5;0;0;0;0;0;0;0;1;0;1;0;0;0;0;0;0;0;0;0;0;0;5;0;0;1;0;0;0;0;0;0;2;0;0;0;0;0;0;0;0;0;0;0;0;0;0;0;0;0;0;0;0;0;0;0;0;0;0;0;0;0;0;0;0;0;0;0;0;38;0;0;0;0;0;0;3;0;0;0;1;0;0;0;0;0;0;0;0;0;0;0;0;0;0;0;0;0;0;0;0;0;0;0;0;0;1;11;0;0;0;0;0;0;0;0;0;0;0;0;0;0;0;0;0;0;1;0;0;0;0;0;0;0;0;0;0;0;0;0;0;0;0;0;0;0;0;0;0;0;0;0
cryptojoker;74b9d0319011a47ea965f6b0b5cbec384e7482a4;1517979c360ee4acb680899d87c654fe;1;16;6;28;6;1;0;67;0;24;13;1;53;0;339;4;2;5;158;37;0;55;41;6;6;270;1;0;2;37;30;0;17;12;18;0;21;1;0;1;1;0;3;0;3;0;0;0;1;0;0;2;28;0;17;0;0;0;0;0;0;0;2;1;0;1;2;0;0;0;0;0;1;0;186;0;4;0;2;0;0;0;135;0;0;2;0;1;0;0;0;3;1;0;5;0;0;0;0;0;0;0;1;0;1;0;0;0;0;0;0;0;0;0;0;0;5;0;0;1;0;0;0;0;0;0;2;0;0;0;0;0;0;0;0;0;0;0;0;0;0;0;0;0;0;0;0;0;0;0;0;0;0;0;0;0;0;0;0;0;0;0;0;23;0;0;0;0;0;0;0;0;0;0;2;0;0;0;0;0;0;0;0;0;0;0;0;0;0;0;0;0;0;0;0;0;0;0;0;0;1;8;0;0;0;0;0;0;0;0;0;0;0;0;0;0;0;0;0;0;0;0;0;0;0;0;0;0;0;0;0;0;0;0;0;0;2;0;0;0;0;0;0;0;0;0
cryptojoker;a4ca4ac1b2b34f2cd9787f05fdeacc076ac03b63;16309cbd6167e7897fe17f9c20b8d91b;6;16;13;27;6;7;0;146;0;26;17;1;55;0;332;2;2;5;166;43;0;114;43;6;6;377;3;0;2;38;31;0;18;13;20;0;21;1;0;1;1;0;3;0;3;0;0;0;1;0;0;4;28;0;17;0;0;0;0;0;0;0;2;1;0;1;3;0;0;0;0;0;1;0;132;0;4;6;2;0;0;0;135;0;0;6;0;1;0;0;3;4;1;0;5;0;0;0;0;0;0;0;1;0;1;0;0;0;0;0;0;0;0;0;0;0;5;0;0;1;0;0;0;0;0;0;2;0;0;0;0;0;0;0;0;0;0;0;0;0;0;0;0;0;0;0;0;0;0;0;0;0;0;0;0;0;0;0;0;0;0;0;0;38;0;0;0;0;0;0;0;0;0;0;1;0;0;0;0;0;0;0;0;0;0;0;0;0;0;0;0;0;0;0;0;0;0;0;0;0;1;8;0;0;0;0;0;0;0;0;0;0;0;0;0;0;0;0;0;0;1;0;0;0;0;0;0;0;0;0;0;0;0;0;0;0;0;0;0;0;0;0;0;0;0;0
flocker;fb4bea1702996452a19899e5a5f0b9380f53208f;c9d31b066bc2f4a645e70f6e46639ee9;2;4;0;9;0;0;0;66;1;12;1;11979;8906;4;578;6;0;0;70;154;10176;26;44;7;1;2877;2;0;896;6412;1380;0;1345;3;10;1;3;2653;1;1;5;2;922;2;0;2;0;0;4;448;9726;3;3;1;0;0;0;882;0;0;0;40;8;4;0;0;0;0;0;1;0;0;3;0;0;0;443;0;0;1;0;0;0;0;0;0;0;5;0;0;0;0;0;0;0;6197;0;14;0;0;0;1;0;0;0;0;0;0;0;0;0;0;0;0;3;0;0;0;0;1;0;0;0;0;0;0;1;0;0;0;0;0;0;0;0;0;0;0;0;0;0;0;0;0;0;0;0;0;0;0;0;0;0;1;0;0;0;0;0;0;0;0;0;0;0;0;0;0;0;0;0;0;0;0;0;0;0;0;0;0;0;0;0;0;0;0;0;0;0;0;0;0;0;0;0;0;0;0;0;0;0;0;0;0;0;0;0;0;0;0;0;0;0;0;1;0;0;1;1;0;0;0;0;0;0;0;0;0;0;0;0;0;0;0;0;0;0;0;0;0;0;0;0;0;0;0
spider;d47a7cd8f8b9c063344802f6e1964e1c43d0631a;80b5b73756d4a8a0a92ce405174bd70d;41;57;300;54;5195;37;2;4258;20;95;843;62;575;71;775;34;16;29;480;292;19;1739;193;3;20;1953;9;82;106;171;105;4;149;50;64;0;214;120;0;14;8;130;64;0;2;0;0;0;5;49;0;28;329;4;105;1;1;3;0;1212;4;0;36;15;7;2;39;8;3;0;0;0;29;6;9;0;19;12;140;3;0;25;61;4;3;55;10;9;0;17;7;33;2;1;303;0;0;14;6;0;0;0;5;3;2;0;41;32;0;5;2;125;2;7;14;82;114;3;0;6;1;2;124;2;2;0;4;0;0;2;5;8;0;0;0;0;0;0;9;9;0;11;0;0;0;0;0;0;5;0;0;5;0;0;0;0;0;0;3;2;2;1;0;0;0;0;6;0;0;0;0;3;11;0;0;0;0;14;0;0;0;2;0;0;0;0;0;0;0;0;0;0;0;0;0;0;0;0;0;0;0;0;0;0;0;0;0;0;0;0;0;1;0;0;0;0;0;0;0;0;4;0;0;0;0;0;0;0;0;0;0;0;5;0;0;0;0;0;0;0;0;292;0;0;0;0
spider;536b005f7995894cbae891e3e9a4a831522360f8;bfb797beca0b21165e7909f198d1630d;5;6;2;4;0;0;0;151;3;8;0;21;5;0;131;2;0;3;66;17;3;135;22;3;0;291;0;0;1;2;28;0;5;8;6;0;2;0;0;0;0;46;0;0;0;0;0;0;0;0;0;0;4;3;4;2;0;0;0;0;2;0;0;0;0;1;0;8;8;0;0;0;0;0;0;0;0;0;0;0;0;0;8;0;2;0;0;0;0;0;0;0;0;0;12;0;0;0;0;0;0;0;0;0;0;0;0;0;0;0;0;0;0;0;0;0;0;0;0;0;1;0;0;0;0;0;0;1;0;0;0;4;0;0;3;0;0;0;4;1;4;1;0;0;0;0;0;0;0;0;0;0;0;0;0;0;0;0;0;0;0;0;0;0;0;0;0;0;0;0;0;0;0;0;0;0;0;0;0;0;0;0;0;0;0;0;0;0;0;0;1;1;0;0;1;2;0;1;0;1;0;0;0;0;0;0;0;0;0;0;0;0;0;0;0;0;0;0;0;0;0;0;0;0;0;0;0;0;0;0;0;0;0;0;0;0;0;0;0;0;0;0;0;0;0;0
cryptomix;fae76204f9f2bf38984f051c6ba6a53583482574;d04e88f5ad1e93463348140a7e18ffbb;12;17;826;17;5;23;0;3265;1;30;1;0;76;284;37;5;64;8;97;74;14;2077;25;6;1;1475;4;1;67;25;27;1;46;11;20;0;2;173;0;7;1;402;9;0;5;0;0;14;1;17;151;17;4;0;2;0;0;1;16;12;0;0;14;1;0;0;16;5;13;0;0;0;2;3;99;0;0;6;0;6;0;0;124;3;0;27;2;0;0;7;3;13;1;0;310;0;0;0;0;0;0;0;0;0;0;0;0;21;0;1;0;0;0;0;0;0;0;0;0;0;0;0;0;0;0;0;0;0;0;0;0;0;0;0;0;0;0;0;0;0;0;0;0;0;0;0;0;0;0;0;0;0;1;0;0;0;0;0;0;0;0;0;0;1;0;0;0;0;0;0;0;14;0;0;28;0;0;0;0;0;0;0;0;0;0;0;0;0;0;0;0;0;0;0;0;0;0;0;0;0;0;0;0;0;0;0;0;0;0;0;0;0;0;0;0;0;0;0;0;0;3;0;0;0;0;0;0;0;0;0;0;0;0;0;0;0;0;0;0;0;0;1;0;0;0;0
cryptomix;166361fd7c169863e2e0e8097f8c558e638fd1d6;f25b450be296f859caee775f42da3721;5;5;2;11;0;0;2;155;3;12;47;26;35;1;37;3;8;8;97;22;0;81;23;1;0;195;0;0;10;6;23;1;18;7;8;0;79;1;0;5;1;245;0;2;0;0;0;0;1;8;0;2;92;3;65;1;0;5;0;0;2;0;2;1;11;1;0;8;1;0;0;0;0;0;0;0;0;0;0;3;0;0;8;0;0;0;0;0;0;4;4;0;0;0;12;0;0;7;0;0;0;0;0;0;0;0;0;0;0;0;0;64;3;0;4;0;0;64;0;0;0;0;64;0;1;0;0;0;0;0;0;2;0;0;18;0;0;0;9;1;3;6;0;0;0;0;0;0;0;0;0;0;0;0;0;0;0;0;0;0;0;0;0;0;0;0;1;0;0;0;0;0;3;0;0;0;0;1;0;0;0;0;0;0;0;0;0;0;0;3;6;6;6;1;6;18;0;6;0;6;0;0;0;0;0;0;0;0;0;0;0;0;0;0;0;0;0;0;0;0;0;0;0;0;0;0;0;0;0;0;0;0;0;0;0;0;0;0;0;0;0;0;0;0;0;0
cryptomix;b13d394b97c365131bab388f5f417d0097432fd3;6fa87f9c2d2a9e63740a8f2676d6dbc4;28;26;310;124;36317;15;2;1449;20;270;4249;1161;1730;22;864;222;59;27;523;762;300;1551;430;42;710;4549;0;1164;9725;189;147;8;426;36;235;6;404;915;6;85;17;1744;267;4;0;6;122;0;13;9;748;26;970;6;430;23;2;8;0;3531;0;636;26;41;0;5;51;48;44;6;0;0;46;0;0;0;128;0;426;78;0;6;568;0;2;16;2;96;0;0;0;53;3;2;386;4;0;7;62;2;6;4;16;18;6;7;287;22;14;2;2;353;11;0;36;65;192;15;2620;6;2;2;351;2;2;474;12;0;200;43;16;0;0;0;0;0;0;0;0;0;0;0;0;0;0;0;0;0;0;0;0;0;0;0;0;0;0;0;0;0;0;1;0;0;0;0;0;0;0;0;0;0;0;0;0;0;0;0;0;0;0;0;0;0;0;0;0;0;0;0;0;0;0;0;0;0;0;0;0;0;0;0;0;0;0;0;0;0;0;0;0;0;0;0;0;0;0;0;0;0;0;0;2;0;0;0;4;0;0;0;0;0;0;0;0;0;0;0;0;0;0;0;0;2;0;0
cryptomix;24534c80d91efa93d45ad21188eb9b510475bd43;4cf725a14440878e508854ed86878052;33;20;128;13;5;3;0;3141;9;60;0;0;41;0;22;2;2;17;132;57;0;919;20;6;3;988;3;3;14;11;20;0;57;5;22;2;0;14;2;14;1;49;5;0;1;2;0;0;1;63;0;0;0;0;0;1;1;2;0;28;0;187;30;2;0;0;25;0;3;2;0;0;35;2;0;0;2;8;0;1;0;0;3;0;2;23;9;0;0;35;5;25;1;0;142;0;0;8;0;0;0;0;0;0;0;0;0;0;0;0;0;0;0;0;1;0;0;0;0;0;2;0;0;0;0;0;0;0;0;0;0;0;0;0;0;0;0;0;0;0;0;0;0;0;0;0;0;0;0;0;0;0;0;0;0;0;0;0;0;0;0;0;0;0;0;0;0;5;0;0;0;0;0;0;0;0;0;0;0;0;0;0;0;0;0;0;0;0;0;0;0;0;0;0;0;0;0;0;0;0;0;0;0;0;0;0;0;0;0;0;0;0;0;0;0;0;0;1;1;0;0;0;0;0;0;0;0;0;0;0;0;0;0;0;0;0;0;0;0;0;0;0;0;0;2;0
cryptomix;362852d8a008f3e59b1d2194f7edb9923bada349;b7615c33349699758035fa509676b693;37;99;910;15;5;84;1;1756;25;159;273;245;809;1478;195;609310;274;15;369;938;10;2209;823;63;276;3413;14;2;81;638;81;1;680;54;95;0;502;255;0;7;21;43;155;248;3;0;0;0;21;98;1222;61;0;10;256;0;1;486;258;14;0;0;63;44;0;0;22;10;531;0;0;0;22;20;0;0;2;6;787;1;0;0;1;10;261;125;10;0;0;70;4;12;1;1;377;11;2;2;0;0;0;0;0;0;0;0;491;0;1;10;0;0;0;0;0;0;0;493;488;0;0;0;0;0;0;0;0;0;0;0;0;0;0;0;0;0;246;0;0;0;0;0;0;0;0;249;0;0;0;0;0;0;0;0;0;0;0;0;0;0;0;1;0;0;0;0;0;0;0;0;0;0;0;0;0;0;0;0;0;0;0;0;0;0;0;0;0;0;0;1;0;0;0;0;0;0;0;0;0;0;0;0;0;0;0;0;0;0;0;0;0;0;0;1;1;0;0;0;0;0;10;0;488;0;0;0;0;0;0;0;0;0;0;0;0;0;255;0;0;0;0;0;0;0;0;0
raas;b5d9d8d445878989a5be98f2f70dcc765fc7d60f;d215df8dcece3599a1aad064540eeda0;0;0;0;0;0;0;0;0;0;0;0;0;7;0;5;0;0;0;1;0;0;0;2;3;0;7;0;0;0;2;0;1;0;0;0;1;0;0;0;0;0;0;0;0;0;0;0;0;0;0;0;0;0;0;0;0;0;0;0;0;0;0;0;0;0;0;0;0;0;0;0;0;0;0;0;0;0;0;2;0;0;0;0;0;0;0;0;0;0;0;0;0;0;0;0;0;0;0;0;0;0;0;0;0;0;0;0;0;0;0;0;0;0;0;0;0;0;0;0;0;0;0;0;0;0;0;0;0;0;0;0;0;0;0;0;0;0;0;0;0;0;0;0;0;0;0;0;0;0;0;0;0;0;0;0;0;0;0;0;0;0;0;0;0;0;0;0;0;0;0;0;0;0;0;0;0;0;0;0;0;0;0;0;0;0;0;0;0;0;0;0;0;0;0;0;0;0;0;0;0;0;0;0;0;0;0;0;0;0;1;0;0;0;0;0;0;0;0;0;0;0;0;0;0;0;0;0;0;0;0;0;0;0;0;0;0;0;0;0;0;0;0;0;0;0;0
raas;4d50048d3369843250d264a6979e9e9f62ef9596;d3b00cca0054295d9cd7fe12596d24f7;12;32;594;23;1476;13;1;1235;11;39;1531;42;392;0;291;16;3;14;225;288;3;1297;92;12;4;14599;5;2;18;110;166;0;1493;21;24;1;11;7;1;7;4;22;10699;5;3;0;0;0;4;18;0;7;14;1;10;1;0;1468;0;14;0;102;22;5;5;2;13;12;8;0;0;0;4;3;2;19;1;6;0;1;0;0;1;1;3;94;2;0;3060;7;4;12;1;2;105;4;2;2;0;0;0;0;0;0;0;0;0;0;0;0;0;0;0;0;0;0;0;0;0;0;0;0;0;0;0;0;0;0;0;0;0;0;0;0;0;0;0;0;0;0;0;0;0;0;0;0;0;0;0;0;0;0;0;0;0;0;0;0;0;0;0;0;0;0;0;0;0;0;0;0;0;0;0;0;0;0;0;0;0;0;0;0;0;0;0;0;0;0;0;0;0;0;0;0;0;0;0;0;0;0;0;0;0;0;0;0;0;0;0;0;0;0;0;0;0;0;0;0;0;0;1;0;0;0;0;0;0;0;0;0;0;0;0;0;0;0;0;0;0;0;0;0;0;0;0;0
raas;70e017007972a1aba458036d66958292980f2cb6;ab95f877d8fe99fa037a406087f9b71e;4;0;0;3;41;4;0;18;1;6;0;0;87;0;334;4;2;3;49;21;0;12;38;1;0;68;1;2;4;50;18;1;17;3;6;0;23;6;0;0;0;0;4;0;0;0;0;0;0;0;0;0;32;0;28;1;0;0;0;0;0;0;0;2;0;0;0;0;0;0;0;0;6;0;0;0;3;0;6;0;0;0;0;0;0;0;0;1;0;0;0;0;0;0;0;0;0;0;0;0;0;0;1;3;1;0;0;7;0;0;0;0;0;0;0;0;57;0;0;3;0;1;0;0;1;0;2;0;0;0;1;0;0;0;0;0;0;0;0;0;0;0;0;0;0;0;0;0;0;0;0;0;0;0;0;0;0;0;0;0;0;0;0;0;0;0;0;0;0;0;0;0;0;0;0;0;0;0;0;0;0;0;0;0;0;0;0;0;0;0;0;0;0;0;0;0;0;0;0;0;0;0;0;0;0;0;0;0;0;0;0;0;0;0;0;0;0;0;0;0;0;0;0;0;0;0;0;0;0;0;0;0;0;0;0;0;0;0;0;0;0;0;0;0;0;0
raas;84b69267796e45bd2cfa5808b03c67efd7bf09a7;312b832e198816369d74871420959b58;14;44;310;49;27;21;0;1611;8;59;0;7715;378;4;266;7;2;53;380;185;0;1084;95;7;11635;1714;76;2;11;281;62;2;66;71;38;0;0;11;0;7;4;24;5;0;5;0;0;0;2;18;0;6;32;0;0;2;0;0;0;14;0;0;18;3;0;2;14;10;15;0;0;0;533;4;0;0;4;6;0;1;0;2;1;1;3;84;3;0;0;7;4;50;3;1;61;0;0;0;0;0;0;0;0;0;0;0;0;0;0;0;0;0;0;6;1;0;0;0;0;0;0;0;0;0;0;0;0;0;0;0;0;0;0;0;0;0;0;0;0;0;0;0;0;0;0;0;0;0;0;0;0;0;0;0;0;0;0;0;0;0;0;0;0;0;1;0;0;0;0;0;0;0;1;0;0;0;0;0;0;0;0;4;0;0;0;0;0;0;0;0;0;0;0;0;0;0;0;0;0;0;0;0;0;0;0;0;0;0;0;0;0;0;0;0;0;0;0;0;0;0;3;0;0;0;0;0;0;0;0;0;0;0;0;1;0;0;3;0;0;0;0;0;0;0;0;0
raas;63952f7438d30ca35458f2cd356169b3a0d08607;66a92a0e127937b30b28a12cd8b52dd5;9;27;559;14;9;12;0;1079;5;31;1634;1;1410;7190;275;4;4;11;190;65;0;1257;84;0;1;7371;5;2;305;781;3117;0;5151;19;21;1;11;4049;1;7;1;21;242;5;1;0;0;0;1;2971;0;7;14;0;10;1;7511;0;2;14;0;99;16;2;5;2;13;10;6;0;0;0;4;3;2;19;1;6;0;1;0;0;1;1;3;94;2;0;3268;7;4;12;1;2;49;0;0;0;0;0;0;0;0;0;0;0;0;0;0;0;0;0;0;0;0;0;0;0;0;0;0;0;0;0;0;0;0;0;0;0;0;0;0;0;0;0;0;0;0;0;0;0;0;0;0;0;0;0;0;0;0;0;0;0;0;0;0;0;0;0;0;0;0;0;0;0;0;0;0;0;0;0;0;0;0;0;0;0;0;0;0;0;0;0;0;0;0;0;0;0;0;0;0;0;0;0;0;0;0;0;0;0;0;0;0;0;0;0;0;0;0;0;0;0;0;0;0;0;0;0;1;0;0;0;0;0;0;0;0;0;0;0;0;0;0;0;0;0;0;0;0;0;0;0;0;0
raas;bdad8c5a011d092ec2c29b08a5aa6f2e2817de09;58e8b758ea3967a2b2f5e5f09d4d5543;9;27;559;14;9;12;0;1079;5;31;1446;1;1360;6484;275;4;4;11;190;65;0;1257;84;0;1;6907;5;2;245;886;2974;0;3819;19;21;1;11;3314;1;7;1;21;185;5;1;0;0;0;1;2828;0;7;14;0;10;1;6152;0;2;14;0;97;16;2;5;2;13;10;6;0;0;0;4;3;2;19;1;6;0;1;0;0;1;1;3;94;2;0;2892;7;4;12;1;2;49;0;0;0;0;0;0;0;0;0;0;0;0;0;0;0;0;0;0;0;0;0;0;0;0;0;0;0;0;0;0;0;0;0;0;0;0;0;0;0;0;0;0;0;0;0;0;0;0;0;0;0;0;0;0;0;0;0;0;0;0;0;0;0;0;0;0;0;0;0;0;0;0;0;0;0;0;0;0;0;0;0;0;0;0;0;0;0;0;0;0;0;0;0;0;0;0;0;0;0;0;0;0;0;0;0;0;0;0;0;0;0;0;0;0;0;0;0;0;0;0;0;0;0;0;0;1;0;0;0;0;0;0;0;0;0;0;0;0;0;0;0;0;0;0;0;0;0;0;0;0;0
raas;23acd12dd10615c5f0604e842d755a0ee3f4b42e;0f841c6332c89eaa7cac14c9d5b1d35b;3;1;0;0;2;0;0;0;0;1;0;0;80;0;343;0;1;0;19;2;0;4;14;2;0;30;0;0;0;77;21;0;1;2;1;1;0;0;1;0;0;1;0;0;0;0;0;0;0;0;0;0;0;0;0;0;0;0;0;0;0;75;0;0;0;1;0;0;0;0;0;0;2;0;0;0;0;0;0;0;0;0;0;0;0;0;0;0;0;0;0;0;0;0;0;0;0;0;0;0;0;0;0;0;0;0;0;0;0;0;0;0;0;0;0;0;0;0;0;0;0;0;0;0;0;0;0;0;0;0;0;0;0;0;0;0;0;0;0;0;0;0;0;0;0;0;0;0;0;0;0;0;0;0;0;0;0;0;0;0;0;0;0;0;0;0;0;0;0;0;0;0;0;0;0;0;0;0;0;0;0;0;0;0;0;0;0;0;0;0;0;0;0;0;0;0;0;0;0;0;0;0;0;0;0;0;0;0;0;0;0;0;0;0;0;0;0;0;0;0;0;0;0;0;0;0;0;0;0;0;0;0;0;0;0;0;0;0;0;0;0;0;0;0;0;0
